Paper_Name,Paper_ID,Exp_ID,Treatment_ID,Measure_ID,Exp_ID_Cleaned,ES_ID,Title,Authors,Year,Industry,Venue,Exp_Design,Comp_Type,Task_Desc,Marketing_Task,Task_Data_Cleaned,Task_Data_IsCategoric,Task_Data_IsCode,Task_Data_IsImage,Task_Data_IsNumeric,Task_Data_IsText,Task_Data_IsVideo,Task_Output,Task_Output_Cleaned,Task_Type,AI_Type,AI_Data_In,AI_Data_Out,AI_Type_Cleaned,Final_Decision,Division_Labor,Condition_Name,AI_Expl_Incl,AI_Conf_Incl,AI_Expl_Type,Perf_Metric,Perf_Metric_Cleaned,Perf_Dir,N_Exp,N_Human,N_HumanAI,Participant_Type,Participant_Type_2,Participant_Source,Participant_Expert,Participant_Crowdworker,Avg_Perf_Human,Avg_Perf_AI,Avg_Perf_HumanAI,Avg_Perf_Human_Adj,Avg_Perf_AI_Adj,Avg_Perf_HumanAI_Adj,Baseline,Avg_Perf_Baseline_Adj,Avg_Perf_Worse_Adj,Synergy,Sd_Perf_Human,Sd_Perf_AI,Sd_Perf_HumanAI,Sd_Perf_Baseline,Sd_Perf_Worse,Est_ES,Notes,Notes_2,es_s,variance_s,es_h,variance_h,es_a,variance_a,es_n,variance_n
Reverberi_2022,2,1,1,1,2.1,2.1.1.1,Experimental evidence of effective human-AI collaboration in medical decision-making,"Reverberi, C., Rigon, T., Solari, A. et al.",2022,Healthcare,Scientific Reports,"Mixed, Within-Subjects",Dependent Samples,Diagnose lesions from colonoscopy images,Video,Video,No,No,No,No,No,Yes,Categoric,Categoric,Decide,Deep,Video,Categorical,Deep,Human,No,Expert,Yes,No,Image,Accuracy,Accuracy,Up,21,10,10,Endoscopists (expert),Specialists (Expert),Invitation,Yes,No,0.8075,0.7917,0.8204,0.8075,0.7917,0.8204,Human,0.8075,0.7917,1,0.0382,0.0,0.0278,0.03824788,0.0,No,,,0.3695256521658091,0.18658700424510025,0.3698285153548998,0.18659213924161216,,,,
Reverberi_2022,2,1,2,1,2.1,2.1.2.1,Experimental evidence of effective human-AI collaboration in medical decision-making,"Reverberi, C., Rigon, T., Solari, A. et al.",2022,Healthcare,Scientific Reports,"Mixed, Within-Subjects",Dependent Samples,Diagnose lesions from colonoscopy images,Video,Video,No,No,No,No,No,Yes,Categoric,Categoric,Decide,Deep,Video,Categorical,Deep,Human,No,Non-Expert,Yes,No,Image,Accuracy,Accuracy,Up,21,11,11,Endoscopists (non-expert),Specialists (Non-Expert),Invitation,Yes,No,0.8075,0.7917,0.7861,0.8075,0.7917,0.7861,Human,0.8075,0.7917,0,0.0404,0.0,0.0322,0.04044428,0.0,No,,,-0.5631835131564378,0.17494285103997514,-0.5635610703265025,0.17495179909254094,,,,
He_2023b,11,1,1,1,11.1,11.1.1.1,Knowing About Knowing: An Illusion of Human Competence Can Hinder Appropriate Reliance on AI Systems,"He, Gaole; Kuiper, Lucie; Gadiraju, Ujwal",2023,Healthcare,Proceedings of the 2023 CHI Conference on Human Factors in Computing Systems,"Mixed, Between-Subjects",Independent Samples,Solve logical reasoning task,Text,Text,No,No,No,No,Yes,No,Categoric,Categoric,Decide,Wizard of Oz,Text,Categorical,Wizard of Oz,Human,No,"No tutorial, with xai",Yes,No,Image,Accuracy,Accuracy,Up,249,63,62,Crowdworkers,Crowdworkers,Prolific,No,Yes,0.392,0.6667,0.562,0.392,0.6667,0.562,AI,0.6667,0.392,0,0.203,0.0,0.173,0.0,0.203,No,HAI = Confidence-based time,,,,0.8958380278835414,0.03505810402268301,,,0.8953063591064976,0.034779411924737255
He_2023b,11,1,2,1,11.1,11.1.2.1,Knowing About Knowing: An Illusion of Human Competence Can Hinder Appropriate Reliance on AI Systems,"He, Gaole; Kuiper, Lucie; Gadiraju, Ujwal",2023,Healthcare,Proceedings of the 2023 CHI Conference on Human Factors in Computing Systems,"Mixed, Between-Subjects",Independent Samples,Solve logical reasoning task,Text,Text,No,No,No,No,Yes,No,Categoric,Categoric,Decide,Wizard of Oz,Text,Categorical,Wizard of Oz,Human,No,"With tutorial, with xai",Yes,No,Image,Accuracy,Accuracy,Up,249,62,62,Crowdworkers,Crowdworkers,Prolific,No,Yes,0.387,0.6667,0.527,0.387,0.6667,0.527,AI,0.6667,0.387,0,0.233,0.0,0.19,0.0,0.233,No,HAI = Confidence-based time with explanation,,,,0.6544879320313428,0.0335678798115595,,,0.6544879320313428,0.0335678798115595
Bulten_2021,22,1,1,1,22.1,22.1.1.1,Artificial intelligence assistance significantly improves Gleason grading of prostate biopsies by pathologists,"Bulten, W; Balkenhol, M; Belinga, JJA; Brilhante, A; Cakir, A; Egevad, L; Eklund, M; Farre, X; Geronatsiou, K; Molinie, V; Pereira, G; Roy, P; Saile, G; Salles, P; Schaafsma, E; Tschui, J; Vos, AM; van Boven, H; Vink, R; van der Laak, J; Hulsbergen-van der Kaa, C; Litjens, G; ISUP Pathology Imagebase Expert Pa",2021,Healthcare,Modern Pathology,Within-Subjects,Dependent Samples,Grade prostrate biopsies,Image,Image,No,No,Yes,No,No,No,Categoric,Categoric,Decide,Deep,Image,Image,Deep,Human,No,,Yes,No,"Image, Numeric",Cohen's Kappa,Accuracy,Up,14,14,14,Pathologists,Specialists (Expert),Not Specified,Yes,No,0.777,0.854,0.852,0.777,0.854,0.852,AI,0.854,0.777,0,0.11,0.0,0.049,0.0,0.11,No,StdDevs received from author,,,,0.8551455896925975,0.1469654131190953,,,0.8551455896925975,0.1469654131190953
Gu_2023,25,1,1,1,25.1,25.1.1.1,Augmenting Pathologists with NaviPath: Design and Evaluation of a Human-AI Collaborative Navigation System,"Gu, Hongyan; Yang, Chunxu; Haeri, Mohammad; Wang, Jing; Tang, Shirley; Yan, Wenzhong; He, Shujin; Williams, Christopher Kazu; Magaki, Shino; Chen, Xiang'Anthony'",2023,Healthcare,Proceedings of the 2023 CHI Conference on Human Factors in Computing Systems,Within-Subjects,Dependent Samples,Classify images of canine mammary,Image,Image,No,No,Yes,No,No,No,Binary,Binary,Decide,Deep,Image,Deep,Deep,Human,No,HAI = With Navipath,Yes,Yes,"Image, Numeric",Precision,Accuracy,Up,15,15,15,Pathologists,Specialists (Expert),Not Specified,Yes,No,0.4,0.64,0.78,0.4,0.64,0.78,AI,0.64,0.4,1,0.22,0.31,0.17,0.31,0.22,No,HD1-AI-FHD(Lower),,0.544864864864865,0.13090763971718544,1.8806571272214048,0.18202806323713897,0.544864864864865,0.13090763971718544,1.8806571272214048,0.18202806323713897
Gu_2023,25,1,1,2,25.1,25.1.1.2,Augmenting Pathologists with NaviPath: Design and Evaluation of a Human-AI Collaborative Navigation System,"Gu, Hongyan; Yang, Chunxu; Haeri, Mohammad; Wang, Jing; Tang, Shirley; Yan, Wenzhong; He, Shujin; Williams, Christopher Kazu; Magaki, Shino; Chen, Xiang'Anthony'",2023,Healthcare,Proceedings of the 2023 CHI Conference on Human Factors in Computing Systems,Within-Subjects,Dependent Samples,Classify images of canine mammary,Image,Image,No,No,Yes,No,No,No,Binary,Binary,Decide,Deep,Image,Deep,Deep,Human,No,HAI = With Navipath,Yes,Yes,"Image, Numeric",Recall,Accuracy,Up,15,15,15,Pathologists,Specialists (Expert),Not Specified,Yes,No,0.18,0.51,0.61,0.18,0.51,0.61,AI,0.51,0.18,1,0.19,0.28,0.24,0.28,0.19,No,HD1-AI-FHD(Higher),,0.37311810268250445,0.1284200801757976,1.9329224697754124,0.185172891396577,0.37311810268250445,0.1284200801757976,1.9329224697754124,0.185172891396577
Intharah_2023,26,1,1,1,26.1,26.1.1.1,BiTNet: Hybrid deep convolutional model for ultrasound image analysis of human biliary tract and its applications,"Intharah, T; Wiratchawa, K; Wanna, Y; Junsawang, P; Titapun, A; Techasen, A; Boonrod, A; Laopaiboon, V; Chamadol, N; Khuntikeo, N",2023,Healthcare,Artificial Intelligence in Medicine,Within-Subjects,Dependent Samples,Classify ultrasound images,Image,Image,No,No,Yes,No,No,No,Categoric,Categoric,Decide,Deep,Image,Categorical,Deep,Human,No,HAI = Assisted,Yes,Yes,"Image, Numeric, Text",Accuracy,Accuracy,Up,11,11,11,Physicians,Specialists (Expert),Not Specified,Yes,No,0.5,0.84,0.74,0.5,0.84,0.74,AI,0.84,0.5,0,0.3,0.0,0.17,0.0,0.3,No,HD1-AI-XAI-FHD(Lower),,,,0.946938585156831,0.18713236858575896,,,0.946938585156831,0.18713236858575896
Intharah_2023,26,1,1,2,26.1,26.1.1.2,BiTNet: Hybrid deep convolutional model for ultrasound image analysis of human biliary tract and its applications,"Intharah, T; Wiratchawa, K; Wanna, Y; Junsawang, P; Titapun, A; Techasen, A; Boonrod, A; Laopaiboon, V; Chamadol, N; Khuntikeo, N",2023,Healthcare,Artificial Intelligence in Medicine,Within-Subjects,Dependent Samples,Classify ultrasound images,Image,Image,No,No,Yes,No,No,No,Categoric,Categoric,Decide,Deep,Image,Categorical,Deep,Human,No,HAI = Assisted,Yes,Yes,"Image, Numeric, Text",Precision,Accuracy,Up,11,11,11,Physicians,Specialists (Expert),Not Specified,Yes,No,0.46,0.59,0.62,0.46,0.59,0.62,AI,0.59,0.46,1,0.21,0.0,0.19,0.0,0.21,No,HD1-AI-XAI-FHD(Higher),,,,0.7686600278958601,0.1806990490505913,,,0.7686600278958601,0.1806990490505913
Intharah_2023,26,1,1,3,26.1,26.1.1.3,BiTNet: Hybrid deep convolutional model for ultrasound image analysis of human biliary tract and its applications,"Intharah, T; Wiratchawa, K; Wanna, Y; Junsawang, P; Titapun, A; Techasen, A; Boonrod, A; Laopaiboon, V; Chamadol, N; Khuntikeo, N",2023,Healthcare,Artificial Intelligence in Medicine,Within-Subjects,Dependent Samples,Classify ultrasound images,Image,Image,No,No,Yes,No,No,No,Categoric,Categoric,Decide,Deep,Image,Categorical,Deep,Human,No,HAI = Assisted,Yes,Yes,"Image, Numeric, Text",Recall,Accuracy,Up,11,11,11,Physicians,Specialists (Expert),Not Specified,Yes,No,0.85,0.51,0.94,0.85,0.51,0.94,Human,0.85,0.51,1,0.08,0.0,0.09,0.077280578,0.0,No,AI-FHD(Lower),,1.0321947718022921,0.19068149352195254,1.0168572915140686,0.1900204541359178,,,,
Jacobs_2021,28,1,1,1,28.1,28.1.1.1,How machine-learning recommendations influence clinician treatment selections: the example of the antidepressant selection,"Jacobs, M; Pradier, MF; McCoy, TH; Perlis, RH; Doshi-Velez, F; Gajos, KZ",2021,Healthcare,Translational Psychiatry ,Within-Subjects,Dependent Samples,Select drug for patient,"Numeric, Text",Multiple,No,No,No,Yes,Yes,No,Categoric,Categoric,Decide,Wizard of Oz,"Numeric, Text",Categorical,Wizard of Oz,Human,No,"AI = Correct, Explanation = None",No,No,,Accuracy,Accuracy,Up,220,220,220,Physicians,Specialists (Expert),"Social Media, Snowball Sampling",Yes,No,0.357,0.6667,0.394,0.357,0.6667,0.394,AI,0.6667,0.357,0,0.1816,0.0,0.2951,0.0,0.1816,No,HD1-AI-FHD(Novice),,,,0.15075377165516937,0.009085522121836156,,,0.15075377165516937,0.009085522121836156
Jacobs_2021,28,1,1,1,28.1,28.1.1.1,How machine-learning recommendations influence clinician treatment selections: the example of the antidepressant selection,"Jacobs, M; Pradier, MF; McCoy, TH; Perlis, RH; Doshi-Velez, F; Gajos, KZ",2021,Healthcare,Translational Psychiatry ,Within-Subjects,Dependent Samples,Select drug for patient,"Numeric, Text",Multiple,No,No,No,Yes,Yes,No,Categoric,Categoric,Decide,Wizard of Oz,"Numeric, Text",Categorical,Wizard of Oz,Human,No,"AI = Incorrect, Explanation = None",No,No,,Accuracy,Accuracy,Up,220,220,220,Physicians,Specialists (Expert),"Social Media, Snowball Sampling",Yes,No,0.357,0.6667,0.298,0.357,0.6667,0.298,AI,0.6667,0.357,0,0.1816,0.0,0.3632,0.0,0.1816,No,HD1-AI-FHD(Expert),,,,-0.20512634671219043,0.009107435610328757,,,-0.20512634671219043,0.009107435610328757
Jacobs_2021,28,1,2,1,28.1,28.1.2.1,How machine-learning recommendations influence clinician treatment selections: the example of the antidepressant selection,"Jacobs, M; Pradier, MF; McCoy, TH; Perlis, RH; Doshi-Velez, F; Gajos, KZ",2021,Healthcare,Translational Psychiatry ,Within-Subjects,Dependent Samples,Select drug for patient,"Numeric, Text",Multiple,No,No,No,Yes,Yes,No,Categoric,Categoric,Decide,Wizard of Oz,"Numeric, Text",Categorical,Wizard of Oz,Human,No,"AI = Correct, Explanation = Placebo",Yes,No,Text,Accuracy,Accuracy,Up,220,220,220,Physicians,Specialists (Expert),"Social Media, Snowball Sampling",Yes,No,0.357,0.6667,0.357,0.357,0.6667,0.357,AI,0.6667,0.357,0,0.1816,0.0,0.2951,0.0,0.1816,No,HD1-AI-HD2-XAI-FHD(Novice),,,,0.0,0.009059784745963582,,,0.0,0.009059784745963582
Jacobs_2021,28,1,2,1,28.1,28.1.2.1,How machine-learning recommendations influence clinician treatment selections: the example of the antidepressant selection,"Jacobs, M; Pradier, MF; McCoy, TH; Perlis, RH; Doshi-Velez, F; Gajos, KZ",2021,Healthcare,Translational Psychiatry ,Within-Subjects,Dependent Samples,Select drug for patient,"Numeric, Text",Multiple,No,No,No,Yes,Yes,No,Categoric,Categoric,Decide,Wizard of Oz,"Numeric, Text",Categorical,Wizard of Oz,Human,No,"AI = Incorrect, Explanation = Placebo",Yes,No,Text,Accuracy,Accuracy,Up,220,220,220,Physicians,Specialists (Expert),"Social Media, Snowball Sampling",Yes,No,0.357,0.6667,0.311,0.357,0.6667,0.311,AI,0.6667,0.357,0,0.1816,0.0,0.3708,0.0,0.1816,No,HD1-AI-HD2-XAI-FHD(Expert),,,,-0.15729053969237672,0.009087802485747414,,,-0.15729053969237672,0.009087802485747414
Jacobs_2021,28,1,3,1,28.1,28.1.3.1,How machine-learning recommendations influence clinician treatment selections: the example of the antidepressant selection,"Jacobs, M; Pradier, MF; McCoy, TH; Perlis, RH; Doshi-Velez, F; Gajos, KZ",2021,Healthcare,Translational Psychiatry ,Within-Subjects,Dependent Samples,Select drug for patient,"Numeric, Text",Multiple,No,No,No,Yes,Yes,No,Categoric,Categoric,Decide,Wizard of Oz,"Numeric, Text",Categorical,Wizard of Oz,Human,No,"AI = Correct, Explanation = Feature-based",Yes,Yes,"Image, Numeric, Text",Accuracy,Accuracy,Up,220,220,220,Physicians,Specialists (Expert),"Social Media, Snowball Sampling",Yes,No,0.357,0.6667,0.397,0.357,0.6667,0.397,AI,0.6667,0.357,0,0.1816,0.0,0.3103,0.0,0.1816,No,AI-FHD(Novice),,,,0.15706896575445203,0.009087723604609783,,,0.15706896575445203,0.009087723604609783
Jacobs_2021,28,1,3,1,28.1,28.1.3.1,How machine-learning recommendations influence clinician treatment selections: the example of the antidepressant selection,"Jacobs, M; Pradier, MF; McCoy, TH; Perlis, RH; Doshi-Velez, F; Gajos, KZ",2021,Healthcare,Translational Psychiatry ,Within-Subjects,Dependent Samples,Select drug for patient,"Numeric, Text",Multiple,No,No,No,Yes,Yes,No,Categoric,Categoric,Decide,Wizard of Oz,"Numeric, Text",Categorical,Wizard of Oz,Human,No,"AI = Incorrect, Explanation = Feature-based",Yes,Yes,"Image, Numeric, Text",Accuracy,Accuracy,Up,220,220,220,Physicians,Specialists (Expert),"Social Media, Snowball Sampling",Yes,No,0.357,0.6667,0.262,0.357,0.6667,0.262,AI,0.6667,0.357,0,0.1816,0.0,0.3632,0.0,0.1816,No,AI-FHD(Expert),,,,-0.3302881853840354,0.009183326558918395,,,-0.3302881853840354,0.009183326558918395
Jacobs_2021,28,1,4,1,28.1,28.1.4.1,How machine-learning recommendations influence clinician treatment selections: the example of the antidepressant selection,"Jacobs, M; Pradier, MF; McCoy, TH; Perlis, RH; Doshi-Velez, F; Gajos, KZ",2021,Healthcare,Translational Psychiatry ,Within-Subjects,Dependent Samples,Select drug for patient,"Numeric, Text",Multiple,No,No,No,Yes,Yes,No,Categoric,Categoric,Decide,Wizard of Oz,"Numeric, Text",Categorical,Wizard of Oz,Human,No,"AI = Correct, Explanation = Heuristic based",Yes,Yes,"Image, Numeric, Text",Accuracy,Accuracy,Up,220,220,220,Physicians,Specialists (Expert),"Social Media, Snowball Sampling",Yes,No,0.357,0.6667,0.39,0.357,0.6667,0.39,AI,0.6667,0.357,0,0.1816,0.0,0.2876,0.0,0.1816,No,AI-HD2-XAI-FHD(Novice),,,,0.1369720497309547,0.00908103146143324,,,0.1369720497309547,0.00908103146143324
Jacobs_2021,28,1,4,1,28.1,28.1.4.1,How machine-learning recommendations influence clinician treatment selections: the example of the antidepressant selection,"Jacobs, M; Pradier, MF; McCoy, TH; Perlis, RH; Doshi-Velez, F; Gajos, KZ",2021,Healthcare,Translational Psychiatry ,Within-Subjects,Dependent Samples,Select drug for patient,"Numeric, Text",Multiple,No,No,No,Yes,Yes,No,Categoric,Categoric,Decide,Wizard of Oz,"Numeric, Text",Categorical,Wizard of Oz,Human,No,"AI = Incorrect, Explanation = Heuristic based",Yes,Yes,"Image, Numeric, Text",Accuracy,Accuracy,Up,220,220,220,Physicians,Specialists (Expert),"Social Media, Snowball Sampling",Yes,No,0.357,0.6667,0.327,0.357,0.6667,0.327,AI,0.6667,0.357,0,0.1816,0.0,0.3784,0.0,0.1816,No,AI-HD2-XAI-FHD(Expert),,,,-0.10090938812064594,0.009071316384951874,,,-0.10090938812064594,0.009071316384951874
Li_2022,29,1,1,1,29.1,29.1.1.1,How does the artificial intelligence-based image-assisted technique help physicians in diagnosis of pulmonary adenocarcinoma? A randomized controlled experiment of multicenter physicians in China,"Li, JY; Zhou, LX; Zhan, Y; Xu, HF; Zhang, C; Shan, F; Liu, L",2022,Healthcare,Journal of the American Medical Informatics Association,Between-Subjects,Independent Samples,Diagnose patient case,"Image, Numeric, Text",Multiple,No,No,Yes,Yes,Yes,No,Categoric,Categoric,Decide,Deep,Image,Categorical,Deep,Human,No,Unlimited Time,Yes,No,"Image, Numeric, Text",Accuracy,Accuracy,Up,102,27,27,Physicians,Specialists (Expert),Hospital,Yes,No,0.6037,0.8,0.7074,0.6037,0.8,0.7074,AI,0.8,0.6037,0,0.1546,0.0,0.144,0.0,0.1546,No,,,,,0.6840774878910845,0.07615085597417225,,,0.6840774878910845,0.07615085597417225
Li_2022,29,1,2,1,29.1,29.1.2.1,How does the artificial intelligence-based image-assisted technique help physicians in diagnosis of pulmonary adenocarcinoma? A randomized controlled experiment of multicenter physicians in China,"Li, JY; Zhou, LX; Zhan, Y; Xu, HF; Zhang, C; Shan, F; Liu, L",2022,Healthcare,Journal of the American Medical Informatics Association,Between-Subjects,Independent Samples,Diagnose patient case,"Image, Numeric, Text",Multiple,No,No,Yes,Yes,Yes,No,Categoric,Categoric,Decide,Deep,Image,Categorical,Deep,Human,No,2-Minute,Yes,No,"Image, Numeric, Text",Accuracy,Accuracy,Up,102,26,24,Physicians,Specialists (Expert),Hospital,Yes,No,0.5538,0.8,0.742,0.5538,0.8,0.742,AI,0.8,0.5538,0,0.1573,0.0,0.1443,0.0,0.1573,No,,,,,1.2264126679331453,0.09578159129333742,,,1.225074641652546,0.09217118002021149
Cabitza_2023,31,1,1,1,31.1,31.1.1.1,"Rams, hounds and white boxes: Investigating human-AI collaboration protocols in medical diagnosis","Cabitza, F; Campagner, A; Ronzio, L; Cameli, M; Mandoli, GE; Pastore, MC; Sconfienza, LM; Folgado, D; Barandas, M; Gamboa, H",2023,Healthcare,Artificial Intelligence in Medicine,"Mixed, Within-Subjects",Dependent Samples,Diagnose MRI images,Image,Image,No,No,Yes,No,No,No,Categoric,Categoric,Decide,Wizard of Oz,Image,Categorical,Wizard of Oz,Human,No,AI-FHD(Lower),No,No,,Accuracy,Accuracy,Up,12,4,4,Radiologists,Specialists (Expert),Hospital,Yes,No,0.77,0.8,0.84,0.77,0.8,0.84,AI,0.8,0.77,1,0.0306,0.0,0.0408,0.0,0.0306,No,HAI = AI+Expl,Ask for data from authors,,,1.6878934248272222,0.512711919356095,,,1.6878934248272222,0.512711919356095
Cabitza_2023,31,1,2,1,31.1,31.1.2.1,"Rams, hounds and white boxes: Investigating human-AI collaboration protocols in medical diagnosis","Cabitza, F; Campagner, A; Ronzio, L; Cameli, M; Mandoli, GE; Pastore, MC; Sconfienza, LM; Folgado, D; Barandas, M; Gamboa, H",2023,Healthcare,Artificial Intelligence in Medicine,"Mixed, Within-Subjects",Dependent Samples,Diagnose MRI images,Image,Image,No,No,Yes,No,No,No,Categoric,Categoric,Decide,Wizard of Oz,Image,Categorical,Wizard of Oz,Human,No,AI-FHD(Higher),No,No,,Accuracy,Accuracy,Up,12,4,4,Radiologists,Specialists (Expert),Hospital,Yes,No,0.81,0.8,0.85,0.81,0.8,0.85,Human,0.81,0.8,1,0.0433,0.0,0.0433,0.043292252,0.0,No,"Cataract phase recognition; users are shown three models, we consider the best performing model",,0.8033653763021555,0.40857258638190475,0.80329350336379,0.4085671291373569,,,,
Cabitza_2023,31,1,3,1,31.1,31.1.3.1,"Rams, hounds and white boxes: Investigating human-AI collaboration protocols in medical diagnosis","Cabitza, F; Campagner, A; Ronzio, L; Cameli, M; Mandoli, GE; Pastore, MC; Sconfienza, LM; Folgado, D; Barandas, M; Gamboa, H",2023,Healthcare,Artificial Intelligence in Medicine,"Mixed, Within-Subjects",Dependent Samples,Diagnose MRI images,Image,Image,No,No,Yes,No,No,No,Categoric,Categoric,Decide,Wizard of Oz,Image,Categorical,Wizard of Oz,Human,No,AI-XAI-FHD(Lower),Yes,No,,Accuracy,Accuracy,Up,12,4,4,Radiologists,Specialists (Expert),Hospital,Yes,No,0.77,0.8,0.73,0.77,0.8,0.73,AI,0.8,0.77,0,0.0306,0.0,0.051,0.0,0.0306,No,"Cataract step recognition; users are shown three models, we consider the best performing model",,,,-0.8270609549406077,0.4103983848387179,,,-0.8270609549406077,0.4103983848387179
Cabitza_2023,31,1,4,1,31.1,31.1.4.1,"Rams, hounds and white boxes: Investigating human-AI collaboration protocols in medical diagnosis","Cabitza, F; Campagner, A; Ronzio, L; Cameli, M; Mandoli, GE; Pastore, MC; Sconfienza, LM; Folgado, D; Barandas, M; Gamboa, H",2023,Healthcare,Artificial Intelligence in Medicine,"Mixed, Within-Subjects",Dependent Samples,Diagnose MRI images,Image,Image,No,No,Yes,No,No,No,Categoric,Categoric,Decide,Wizard of Oz,Image,Categorical,Wizard of Oz,Human,No,AI-XAI-FHD(Higher),Yes,No,,Accuracy,Accuracy,Up,12,4,4,Radiologists,Specialists (Expert),Hospital,Yes,No,0.81,0.8,0.8,0.81,0.8,0.8,Human,0.81,0.8,0,0.0433,0.0,0.0722,0.043292252,0.0,No,,,-0.14607777013844056,0.37908027953348866,-0.14607085619385704,0.3790801840751043,,,,
Cabitza_2023,31,1,5,1,31.1,31.1.5.1,"Rams, hounds and white boxes: Investigating human-AI collaboration protocols in medical diagnosis","Cabitza, F; Campagner, A; Ronzio, L; Cameli, M; Mandoli, GE; Pastore, MC; Sconfienza, LM; Folgado, D; Barandas, M; Gamboa, H",2023,Healthcare,Artificial Intelligence in Medicine,"Mixed, Within-Subjects",Dependent Samples,Diagnose ECG cases,Image,Image,No,No,Yes,No,No,No,Categoric,Categoric,Decide,Wizard of Oz,Image,Categorical,Wizard of Oz,Human,No,HD1-AI-FHD(Novice),No,No,,Accuracy,Accuracy,Up,12,8,8,Radiologists,Specialists (Expert),Hospital,Yes,No,0.77,0.8,0.81,0.77,0.8,0.81,AI,0.8,0.77,1,0.0306,0.0,0.0306,0.0,0.0306,No,,,,,1.2358882947118253,0.26613784449817585,,,1.2358882947118253,0.26613784449817585
Cabitza_2023,31,1,6,1,31.1,31.1.6.1,"Rams, hounds and white boxes: Investigating human-AI collaboration protocols in medical diagnosis","Cabitza, F; Campagner, A; Ronzio, L; Cameli, M; Mandoli, GE; Pastore, MC; Sconfienza, LM; Folgado, D; Barandas, M; Gamboa, H",2023,Healthcare,Artificial Intelligence in Medicine,"Mixed, Within-Subjects",Dependent Samples,Diagnose ECG cases,Image,Image,No,No,Yes,No,No,No,Categoric,Categoric,Decide,Wizard of Oz,Image,Categorical,Wizard of Oz,Human,No,HD1-AI-FHD(Expert),No,No,,Accuracy,Accuracy,Up,12,8,8,Radiologists,Specialists (Expert),Hospital,Yes,No,0.81,0.8,0.85,0.81,0.8,0.85,Human,0.81,0.8,1,0.0433,0.0,0.0722,0.043292252,0.0,No,,,0.6353055021293615,0.23474555548678624,0.6352754327558274,0.23474448825673794,,,,
Cabitza_2023,31,1,7,1,31.1,31.1.7.1,"Rams, hounds and white boxes: Investigating human-AI collaboration protocols in medical diagnosis","Cabitza, F; Campagner, A; Ronzio, L; Cameli, M; Mandoli, GE; Pastore, MC; Sconfienza, LM; Folgado, D; Barandas, M; Gamboa, H",2023,Healthcare,Artificial Intelligence in Medicine,"Mixed, Within-Subjects",Dependent Samples,Diagnose ECG cases,Image,Image,No,No,Yes,No,No,No,Categoric,Categoric,Decide,Wizard of Oz,Image,Categorical,Wizard of Oz,Human,No,HD1-AI-HD2-XAI-FHD(Novice),Yes,No,,Accuracy,Accuracy,Up,12,8,8,Radiologists,Specialists (Expert),Hospital,Yes,No,0.77,0.8,0.83,0.77,0.8,0.83,AI,0.8,0.77,1,0.0306,0.0,0.0306,0.0,0.0306,No,,,,,1.8538324420677343,0.31947130714568867,,,1.8538324420677343,0.31947130714568867
Cabitza_2023,31,1,8,1,31.1,31.1.8.1,"Rams, hounds and white boxes: Investigating human-AI collaboration protocols in medical diagnosis","Cabitza, F; Campagner, A; Ronzio, L; Cameli, M; Mandoli, GE; Pastore, MC; Sconfienza, LM; Folgado, D; Barandas, M; Gamboa, H",2023,Healthcare,Artificial Intelligence in Medicine,"Mixed, Within-Subjects",Dependent Samples,Diagnose ECG cases,Image,Image,No,No,Yes,No,No,No,Categoric,Categoric,Decide,Wizard of Oz,Image,Categorical,Wizard of Oz,Human,No,HD1-AI-HD2-XAI-FHD(Expert),Yes,No,,Accuracy,Accuracy,Up,12,8,8,Radiologists,Specialists (Expert),Hospital,Yes,No,0.81,0.8,0.86,0.81,0.8,0.86,Human,0.81,0.8,1,0.0433,0.0,0.0289,0.043292252,0.0,No,First run,,1.2843599725304358,0.2695502662971052,1.284200983566959,0.26953885885732964,,,,
Cabitza_2023,31,2,1,1,31.2,31.2.1.1,"Rams, hounds and white boxes: Investigating human-AI collaboration protocols in medical diagnosis","Cabitza, F; Campagner, A; Ronzio, L; Cameli, M; Mandoli, GE; Pastore, MC; Sconfienza, LM; Folgado, D; Barandas, M; Gamboa, H",2023,Healthcare,Artificial Intelligence in Medicine,"Mixed, Within-Subjects",Dependent Samples,Diagnose MRI images,Image,Image,No,No,Yes,No,No,No,Categoric,Categoric,Decide,Wizard of Oz,Image,Categoric,Wizard of Oz,Human,No,HD1-AI-FHD(Lower),No,No,,Accuracy,Accuracy,Up,44,25,25,Cardiologists,Specialists (Expert),Hospital,Yes,No,0.45,0.7,0.63,0.45,0.7,0.63,AI,0.7,0.45,0,0.2041,0.0,0.1276,0.0,0.2041,No,HAI = Just disply recommendation,,,,1.0409457561143787,0.08800461329627644,,,1.0409457561143787,0.08800461329627644
Cabitza_2023,31,2,2,1,31.2,31.2.2.1,"Rams, hounds and white boxes: Investigating human-AI collaboration protocols in medical diagnosis","Cabitza, F; Campagner, A; Ronzio, L; Cameli, M; Mandoli, GE; Pastore, MC; Sconfienza, LM; Folgado, D; Barandas, M; Gamboa, H",2023,Healthcare,Artificial Intelligence in Medicine,"Mixed, Within-Subjects",Dependent Samples,Diagnose ECG cases,Image,Image,No,No,Yes,No,No,No,Categoric,Categoric,Decide,Wizard of Oz,Image,Categoric,Wizard of Oz,Human,No,AI-FHD(Novice),No,No,,Accuracy,Accuracy,Up,44,19,19,Residents,Specialists (Expert),Hospital,Yes,No,0.66,0.7,0.68,0.66,0.7,0.68,AI,0.7,0.66,0,0.1112,0.0,0.1112,0.0,0.1112,No,HAI = Optional display,,,,0.1760829098958597,0.10128387551230464,,,0.1760829098958597,0.10128387551230464
Cabitza_2023,31,2,3,1,31.2,31.2.3.1,"Rams, hounds and white boxes: Investigating human-AI collaboration protocols in medical diagnosis","Cabitza, F; Campagner, A; Ronzio, L; Cameli, M; Mandoli, GE; Pastore, MC; Sconfienza, LM; Folgado, D; Barandas, M; Gamboa, H",2023,Healthcare,Artificial Intelligence in Medicine,"Mixed, Within-Subjects",Dependent Samples,Diagnose MRI images,Image,Image,No,No,Yes,No,No,No,Categoric,Categoric,Decide,Wizard of Oz,Image,Categoric,Wizard of Oz,Human,No,HD1-AI-FHD(Higher),Yes,No,Text,Accuracy,Accuracy,Up,44,25,25,Cardiologists,Specialists (Expert),Hospital,Yes,No,0.45,0.7,0.67,0.45,0.7,0.67,AI,0.7,0.45,0,0.2041,0.0,0.1276,0.0,0.2041,No,HAI = Forced acknowledgement,,,,1.2722670352509073,0.09318879403722648,,,1.2722670352509073,0.09318879403722648
Cabitza_2023,31,2,4,1,31.2,31.2.4.1,"Rams, hounds and white boxes: Investigating human-AI collaboration protocols in medical diagnosis","Cabitza, F; Campagner, A; Ronzio, L; Cameli, M; Mandoli, GE; Pastore, MC; Sconfienza, LM; Folgado, D; Barandas, M; Gamboa, H",2023,Healthcare,Artificial Intelligence in Medicine,"Mixed, Within-Subjects",Dependent Samples,Diagnose ECG cases,Image,Image,No,No,Yes,No,No,No,Categoric,Categoric,Decide,Wizard of Oz,Image,Categoric,Wizard of Oz,Human,No,AI-FHD(Expert),Yes,No,Text,Accuracy,Accuracy,Up,44,19,19,Residents,Specialists (Expert),Hospital,Yes,No,0.66,0.7,0.69,0.66,0.7,0.69,AI,0.7,0.66,0,0.1112,0.0,0.089,0.0,0.1112,No,HAI = Reminder of 75%,,,,0.2916253884925935,0.10196540893608473,,,0.2916253884925935,0.10196540893608473
Cabitza_2023,31,2,5,1,31.2,31.2.5.1,"Rams, hounds and white boxes: Investigating human-AI collaboration protocols in medical diagnosis","Cabitza, F; Campagner, A; Ronzio, L; Cameli, M; Mandoli, GE; Pastore, MC; Sconfienza, LM; Folgado, D; Barandas, M; Gamboa, H",2023,Healthcare,Artificial Intelligence in Medicine,"Mixed, Within-Subjects",Dependent Samples,Diagnose MRI images,Image,Image,No,No,Yes,No,No,No,Categoric,Categoric,Decide,Wizard of Oz,Image,Categoric,Wizard of Oz,Human,No,HD1-AI-XAI-FHD(Lower),No,No,,Accuracy,Accuracy,Up,44,25,25,Cardiologists,Specialists (Expert),Hospital,Yes,No,0.45,0.7,0.83,0.45,0.7,0.83,AI,0.7,0.45,1,0.2041,0.0,0.0765,0.0,0.2041,No,HAI = 80,,,,2.4268048690375803,0.13456492774253942,,,2.4268048690375803,0.13456492774253942
Cabitza_2023,31,2,6,1,31.2,31.2.6.1,"Rams, hounds and white boxes: Investigating human-AI collaboration protocols in medical diagnosis","Cabitza, F; Campagner, A; Ronzio, L; Cameli, M; Mandoli, GE; Pastore, MC; Sconfienza, LM; Folgado, D; Barandas, M; Gamboa, H",2023,Healthcare,Artificial Intelligence in Medicine,"Mixed, Within-Subjects",Dependent Samples,Diagnose ECG cases,Image,Image,No,No,Yes,No,No,No,Categoric,Categoric,Decide,Wizard of Oz,Image,Categoric,Wizard of Oz,Human,No,AI-HD2-XAI-FHD(Novice),No,No,,Accuracy,Accuracy,Up,44,19,19,Residents,Specialists (Expert),Hospital,Yes,No,0.66,0.7,0.82,0.66,0.7,0.82,AI,0.7,0.66,1,0.1112,0.0,0.1112,0.0,0.1112,No,AI = Stylometric,Numbers slightly different from paper because we average across participants' accuracies for consistency with other studies  (some participants see more articles than others),,,1.4086632791668756,0.12591846711577342,,,1.4086632791668756,0.12591846711577342
Cabitza_2023,31,2,7,1,31.2,31.2.7.1,"Rams, hounds and white boxes: Investigating human-AI collaboration protocols in medical diagnosis","Cabitza, F; Campagner, A; Ronzio, L; Cameli, M; Mandoli, GE; Pastore, MC; Sconfienza, LM; Folgado, D; Barandas, M; Gamboa, H",2023,Healthcare,Artificial Intelligence in Medicine,"Mixed, Within-Subjects",Dependent Samples,Diagnose MRI images,Image,Image,No,No,Yes,No,No,No,Categoric,Categoric,Decide,Wizard of Oz,Image,Categoric,Wizard of Oz,Human,No,HD1-AI-XAI-FHD(Higher),Yes,No,Text,Accuracy,Accuracy,Up,44,25,25,Cardiologists,Specialists (Expert),Hospital,Yes,No,0.45,0.7,0.82,0.45,0.7,0.82,AI,0.7,0.45,1,0.2041,0.0,0.0765,0.0,0.2041,No,AI = Neutral,Numbers slightly different from paper because we average across participants' accuracies for consistency with other studies  (some participants see more articles than others),,,2.362941583010276,0.13160137439523922,,,2.362941583010276,0.13160137439523922
Cabitza_2023,31,2,8,1,31.2,31.2.8.1,"Rams, hounds and white boxes: Investigating human-AI collaboration protocols in medical diagnosis","Cabitza, F; Campagner, A; Ronzio, L; Cameli, M; Mandoli, GE; Pastore, MC; Sconfienza, LM; Folgado, D; Barandas, M; Gamboa, H",2023,Healthcare,Artificial Intelligence in Medicine,"Mixed, Within-Subjects",Dependent Samples,Diagnose ECG cases,Image,Image,No,No,Yes,No,No,No,Categoric,Categoric,Decide,Wizard of Oz,Image,Categoric,Wizard of Oz,Human,No,AI-HD2-XAI-FHD(Expert),Yes,No,Text,Accuracy,Accuracy,Up,44,19,19,Residents,Specialists (Expert),Hospital,Yes,No,0.66,0.7,0.82,0.66,0.7,0.82,AI,0.7,0.66,1,0.1112,0.0,0.1112,0.0,0.1112,No,,,,,1.4086632791668756,0.12591846711577342,,,1.4086632791668756,0.12591846711577342
Lecuyer_2020,34,1,1,1,34.1,34.1.1.1,Assisted phase and step annotation for surgical videos,"Lecuyer, G; Ragot, M; Martin, N; Launay, L; Jannin, P",2020,Healthcare,International Journal of Computer Assisted Radiology and Surgery,Between-Subjects,Independent Samples,Annotate surgical videos,Video,Video,No,No,No,No,No,Yes,Text,Open Response,Create,Deep,Video,Text,Deep,Human,No,"Cataract phase recognition; users are shown three models, we consider the best performing model",Yes,Yes,"Image, Numeric, Text",Accuracy,Accuracy,Up,24,24,24,Working Professionals,Working Professionals,Volunteer,No,No,0.968,0.957,0.977,0.968,0.957,0.977,Human,0.968,0.957,1,0.0775,0.0,0.0125,0.077483859,0.0,No,,,0.15951025994091556,0.08087990650725362,0.15947788099669802,0.08087980241729908,,,,
Lecuyer_2020,34,1,1,2,34.1,34.1.1.2,Assisted phase and step annotation for surgical videos,"Lecuyer, G; Ragot, M; Martin, N; Launay, L; Jannin, P",2020,Healthcare,International Journal of Computer Assisted Radiology and Surgery,Between-Subjects,Independent Samples,Annotate surgical videos,Video,Video,No,No,No,No,No,Yes,Text,Open Response,Create,Deep,Video,Text,Deep,Human,No,"Cataract step recognition; users are shown three models, we consider the best performing model",Yes,Yes,"Image, Numeric, Text",Accuracy,Accuracy,Up,24,24,24,Working Professionals,Working Professionals,Volunteer,No,No,0.709,0.814,0.772,0.709,0.814,0.772,AI,0.814,0.709,0,0.3149,0.0,0.18,0.0,0.3149,No,,,,,0.24160822382914438,0.08121178312773993,,,0.24160822382914438,0.08121178312773993
Bo_2021,40,1,1,1,40.1,40.1.1.1,Toward human intervention-free clinical diagnosis of intracranial aneurysm via deep neural network,"Bo, ZH; Qiao, H; Tian, C; Guo, YC; Li, WC; Liang, TT; Li, DX; Liao, D; Zeng, XC; Mei, LL; Shi, TL; Wu, B; Huang, C; Liu, L; Jin, C; Guo, QP; Yong, JH; Xu, F; Zhang, TJ; Wang, RP; Dai, QH",2021,Healthcare,Patterns,Within-Subjects,Dependent Samples,Diagnose intracranial aneurysms,Image,Image,No,No,Yes,No,No,No,Image,Open Response,Create,Deep,Image,Image,Deep,Human,No,,Yes,Yes,"Image, Text",Specificity,Accuracy,Up,6,6,6,Radiologists (attending),Specialists (Expert),Not Specified,Yes,No,1.0,0.389,0.903,1.0,0.389,0.903,Human,1.0,0.389,0,0.0,0.16,0.14,0.0,0.16,No,HAI = Pred + full exp,,,,,,3.1560712070049046,0.6376610223793632,3.1560712070049046,0.6376610223793632
Bo_2021,40,1,1,2,40.1,40.1.1.2,Toward human intervention-free clinical diagnosis of intracranial aneurysm via deep neural network,"Bo, ZH; Qiao, H; Tian, C; Guo, YC; Li, WC; Liang, TT; Li, DX; Liao, D; Zeng, XC; Mei, LL; Shi, TL; Wu, B; Huang, C; Liu, L; Jin, C; Guo, QP; Yong, JH; Xu, F; Zhang, TJ; Wang, RP; Dai, QH",2021,Healthcare,Patterns,Within-Subjects,Dependent Samples,Diagnose intracranial aneurysms,Image,Image,No,No,Yes,No,No,No,Image,Open Response,Create,Deep,Image,Image,Deep,Human,No,,Yes,Yes,"Image, Text",Sensitivity,Accuracy,Up,6,6,6,Radiologists (attending),Specialists (Expert),Not Specified,Yes,No,0.806,0.962,0.887,0.806,0.962,0.887,AI,0.962,0.806,0,0.16,0.05,0.11,0.049989587,0.16,No,HAI = Pred + partial exp,,-0.8103137592758007,0.3073352090581662,0.5445869566067777,0.2945529569221148,-0.8102848652039804,0.30733354660752543,0.5445869566067777,0.2945529569221148
Bo_2021,40,1,1,3,40.1,40.1.1.3,Toward human intervention-free clinical diagnosis of intracranial aneurysm via deep neural network,"Bo, ZH; Qiao, H; Tian, C; Guo, YC; Li, WC; Liang, TT; Li, DX; Liao, D; Zeng, XC; Mei, LL; Shi, TL; Wu, B; Huang, C; Liu, L; Jin, C; Guo, QP; Yong, JH; Xu, F; Zhang, TJ; Wang, RP; Dai, QH",2021,Healthcare,Patterns,Within-Subjects,Dependent Samples,Diagnose intracranial aneurysms,Image,Image,No,No,Yes,No,No,No,Image,Open Response,Create,Deep,Image,Image,Deep,Human,No,,Yes,Yes,"Image, Text",Accuracy,Accuracy,Up,6,6,6,Radiologists (attending),Specialists (Expert),Not Specified,Yes,No,0.861,0.792,0.889,0.861,0.792,0.889,Human,0.861,0.792,1,0.115,0.045,0.115,0.114976049,0.045,No,HAI = keyword exp,,0.22477256930338996,0.2858173742453698,0.22474916387959887,0.2858170007099851,1.0253914786789884,0.32135246217328345,1.0253914786789884,0.32135246217328345
Bo_2021,40,1,2,1,40.1,40.1.2.1,Toward human intervention-free clinical diagnosis of intracranial aneurysm via deep neural network,"Bo, ZH; Qiao, H; Tian, C; Guo, YC; Li, WC; Liang, TT; Li, DX; Liao, D; Zeng, XC; Mei, LL; Shi, TL; Wu, B; Huang, C; Liu, L; Jin, C; Guo, QP; Yong, JH; Xu, F; Zhang, TJ; Wang, RP; Dai, QH",2021,Healthcare,Patterns,Within-Subjects,Dependent Samples,Diagnose intracranial aneurysms,Image,Image,No,No,Yes,No,No,No,Image,Open Response,Create,Deep,Image,Image,Deep,Human,No,,Yes,Yes,"Image, Text",Specificity,Accuracy,Up,6,6,6,Residents (radiology),Specialists (Expert),Not Specified,Yes,No,0.833,0.389,1.0,0.833,0.389,1.0,Human,0.833,0.389,1,0.2537,0.16,0.0,0.253697152,0.16,No,HAI = No pred + full exp,,,,,,,,,
Bo_2021,40,1,2,2,40.1,40.1.2.2,Toward human intervention-free clinical diagnosis of intracranial aneurysm via deep neural network,"Bo, ZH; Qiao, H; Tian, C; Guo, YC; Li, WC; Liang, TT; Li, DX; Liao, D; Zeng, XC; Mei, LL; Shi, TL; Wu, B; Huang, C; Liu, L; Jin, C; Guo, QP; Yong, JH; Xu, F; Zhang, TJ; Wang, RP; Dai, QH",2021,Healthcare,Patterns,Within-Subjects,Dependent Samples,Diagnose intracranial aneurysms,Image,Image,No,No,Yes,No,No,No,Image,Open Response,Create,Deep,Image,Image,Deep,Human,No,,Yes,Yes,"Image, Text",Sensitivity,Accuracy,Up,6,6,6,Residents (radiology),Specialists (Expert),Not Specified,Yes,No,0.824,0.962,0.849,0.824,0.962,0.849,AI,0.962,0.824,0,0.1737,0.05,0.085,0.049989587,0.1737,No,HAI = Pred + no exp,,-1.4959248609325626,0.36347187655228785,0.1687626429363784,0.28503482235446886,-1.4958447793878358,0.3634633705569886,0.1687626429363784,0.28503482235446886
Bo_2021,40,1,2,3,40.1,40.1.2.3,Toward human intervention-free clinical diagnosis of intracranial aneurysm via deep neural network,"Bo, ZH; Qiao, H; Tian, C; Guo, YC; Li, WC; Liang, TT; Li, DX; Liao, D; Zeng, XC; Mei, LL; Shi, TL; Wu, B; Huang, C; Liu, L; Jin, C; Guo, QP; Yong, JH; Xu, F; Zhang, TJ; Wang, RP; Dai, QH",2021,Healthcare,Patterns,Within-Subjects,Dependent Samples,Diagnose intracranial aneurysms,Image,Image,No,No,Yes,No,No,No,Image,Open Response,Create,Deep,Image,Image,Deep,Human,No,,Yes,Yes,"Image, Text",Accuracy,Accuracy,Up,6,6,6,Residents (radiology),Specialists (Expert),Not Specified,Yes,No,0.833,0.792,0.889,0.833,0.792,0.889,Human,0.833,0.792,1,0.1362,0.045,0.0625,0.136221623,0.045,No,HAI = Pred + full exp,,0.48776551741949425,0.29247036212959204,0.48782948565957956,0.29247257776611446,1.6441881391042776,0.3800007563350718,1.6441881391042776,0.3800007563350718
BuÃ§inca_2020,41,1,1,1,41.1,41.1.1.1,Proxy tasks and subjective measures can be misleading in evaluating explainable ai systems,"BuÃ§inca, Zana; Lin, Phoebe; Gajos, Krzysztof Z; Glassman, Elena L",2020,Healthcare,Proceedings of the 25th international conference on intelligent user interfaces,Between-Subjects,Independent Samples,Determine nutritional content,Image,Image,No,No,Yes,No,No,No,Binary,Binary,Decide,Wizard of Oz,Image,Binary,Wizard of Oz,Human,No,HAI = AI only,No,No,,Accuracy,Accuracy,Up,102,18,19,Crowdworkers,Crowdworkers,MTurk,No,Yes,0.463,0.75,0.6842,0.463,0.75,0.6842,AI,0.75,0.463,0,0.1019,0.0,0.095,0.0,0.1019,No,HAI = Pred + partial exp,,,,2.198340201514292,0.16184095540332716,,,2.1991848934610325,0.16613381092482413
BuÃ§inca_2020,41,1,2,1,41.1,41.1.2.1,Proxy tasks and subjective measures can be misleading in evaluating explainable ai systems,"BuÃ§inca, Zana; Lin, Phoebe; Gajos, Krzysztof Z; Glassman, Elena L",2020,Healthcare,Proceedings of the 25th international conference on intelligent user interfaces,Between-Subjects,Independent Samples,Determine nutritional content,Image,Image,No,No,Yes,No,No,No,Binary,Binary,Decide,Wizard of Oz,Image,Binary,Wizard of Oz,Human,No,HAI = AI + explanation,Yes,No,"Image, Text",Accuracy,Accuracy,Up,102,18,65,Crowdworkers,Crowdworkers,MTurk,No,Yes,0.463,0.75,0.7378,0.463,0.75,0.7378,AI,0.75,0.463,0,0.1019,0.0,0.0898,0.0,0.1019,No,HAI = keyword exp,,,,2.8444873925016436,0.06116433246066113,,,2.9441450435796033,0.12087985687325546
BuÃ§inca_2021,42,1,1,1,42.1,42.1.1.1,To trust or to think: cognitive forcing functions can reduce overreliance on AI in AI-assisted decision-making,"BuÃ§inca, Zana; Malaya, Maja Barbara; Gajos, Krzysztof Z",2021,Healthcare,Proceedings of the ACM on Human-Computer Interaction,"Mixed, Within-Subjects",Dependent Samples,Determine nutritional content,Image,Image,No,No,Yes,No,No,No,Categoric,Categoric,Decide,Wizard of Oz,Image,Categorical,Wizard of Oz,Human,No,HAI = SXAI,Yes,Yes,"Image, Numeric, Text",Carb source detection performance,Accuracy,Up,199,53,98,Crowdworkers,Crowdworkers,MTurk,No,Yes,0.42,0.75,0.56,0.42,0.75,0.56,AI,0.75,0.42,0,0.2184,0.0,0.198,0.0,0.2184,No,HAI = No pred + full exp,,,,0.6690249992781522,0.02138347015432754,,,0.678326012130252,0.030287853491803372
BuÃ§inca_2021,42,1,2,1,42.1,42.1.2.1,To trust or to think: cognitive forcing functions can reduce overreliance on AI in AI-assisted decision-making,"BuÃ§inca, Zana; Malaya, Maja Barbara; Gajos, Krzysztof Z",2021,Healthcare,Proceedings of the ACM on Human-Computer Interaction,"Mixed, Within-Subjects",Dependent Samples,Determine nutritional content,Image,Image,No,No,Yes,No,No,No,Categoric,Categoric,Decide,Wizard of Oz,Image,Categorical,Wizard of Oz,Human,No,HAI = CFF,Yes,Yes,"Image, Numeric, Text",Carb source detection performance,Accuracy,Up,199,53,123,Crowdworkers,Crowdworkers,MTurk,No,Yes,0.42,0.75,0.57,0.42,0.75,0.57,AI,0.75,0.42,0,0.2184,0.0,0.2218,0.0,0.2184,No,HAI = Pred + no exp,,,,0.6793911915835331,0.017092644890340056,,,0.6764478834656179,0.028054182332144788
Lee_2021,44,1,1,1,44.1,44.1.1.1,A human-AI collaborative approach for clinical decision making on rehabilitation assessment,"Lee, Min Hun; Siewiorek, Daniel P; Smailagic, Asim; Bernardino, Alexandre; BermÃºdez i Badia, Sergi",2021,Healthcare,Proceedings of the 2021 CHI conference on human factors in computing systems,Other,Dependent Samples,Classify patient motions,Video,Video,No,No,No,No,No,Yes,Binary,Binary,Decide,Deep,Text,Binary,Deep,Human,Yes,"H = traditional, AI = Non-Interactive RB1, HAI = Interactive RB 10",Yes,Yes,"Image, Numeric, Text",F1-Score,Accuracy,Up,5,5,5,Therapists,Specialists (Expert),Not Specified,Yes,No,0.7455,0.6148,0.7787,0.7455,0.6148,0.7787,Human,0.7455,0.6148,1,0.2054,0.1702,0.1315,0.2054,0.1702,No,Non-anchor,,0.17388366749544096,0.32756007572217405,0.17388366749544096,0.32756007572217405,0.9733882812712363,0.36497544437851603,0.9733882812712363,0.36497544437851603
Lee_2021,44,1,2,1,44.1,44.1.2.1,A human-AI collaborative approach for clinical decision making on rehabilitation assessment,"Lee, Min Hun; Siewiorek, Daniel P; Smailagic, Asim; Bernardino, Alexandre; BermÃºdez i Badia, Sergi",2021,Healthcare,Proceedings of the 2021 CHI conference on human factors in computing systems,Other,Dependent Samples,Classify patient motions,Video,Video,No,No,No,No,No,Yes,Binary,Binary,Decide,Deep,Text,Binary,Deep,Human,Yes,"H = traditional, AI = Non-Interactive HM1, HAI = Interactive HM 10",Yes,Yes,"Image, Numeric, Text",F1-Score,Accuracy,Up,5,5,5,Therapists,Specialists (Expert),Not Specified,Yes,No,0.7455,0.8684,0.9329,0.7455,0.8684,0.9329,AI,0.8684,0.7455,1,0.2054,0.0576,0.0266,0.0576,0.2054,No,,,1.298586382666733,0.39511342607211325,1.1557632441963197,0.380814688994901,1.298586382666733,0.39511342607211325,1.1557632441963197,0.380814688994901
Kiani_2020,48,1,1,1,48.1,48.1.1.1,Impact of a deep learning assistant on the histopathologic classification of liver cancer,"Kiani, Amirhossein; Uyumazturk, Bora; Rajpurkar, Pranav; Wang, Alex; Gao, Rebecca; Jones, Erik; Yu, Yifan; Langlotz, Curtis P; Ball, Robyn L; Montine, Thomas J; others",2020,Healthcare,Proceedings of the ACM on Human-Computer Interaction,Within-Subjects,Dependent Samples,Predict recidivism,Image,Image,No,No,Yes,No,No,No,Binary,Binary,Decide,Deep,Image,Continuous,Deep,Human,No,,Yes,Yes,Image,Accuracy,Accuracy,Up,11,11,11,Physicians,Specialists (Expert),Not Specified,Yes,No,0.8977,0.842,0.9136,0.8977,0.842,0.9136,Human,0.8977,0.842,1,0.0781,0.0489,0.0583,0.07812035,0.0489,No,"Followed replication code on Github, which involved excluding a large number of participants, and only considering one condition",,0.22192102214524645,0.1693073002499755,0.22195815677575825,0.16930764695824999,1.280181329126571,0.2027431494950042,1.280181329126571,0.2027431494950042
Zhang_2022,49,1,1,1,49.1,49.1.1.1,You complete me: Human-AI teams and complementary expertise,"Zhang, Qiaoning; Lee, Matthew; Carter, Scott",2022,Healthcare,Proceedings of the 2022 CHI Conference on Human Factors in Computing Systems,"Mixed, Within-Subjects",Dependent Samples,Classify liver images,Image,Image,No,No,Yes,No,No,No,Categoric,Categoric,Decide,Wizard of Oz,Image,Categorical,Wizard of Oz,Human,No,HAI = Level 0,No,No,,Accuracy,Accuracy,Up,160,45,45,Crowdworkers,Crowdworkers,MTurk,No,Yes,0.6661,0.5,0.6662,0.6661,0.5,0.6662,Human,0.6661,0.5,1,0.0566,0.0,0.0555,0.05664,0.0,No,,,0.0017681501064229423,0.04368797415127725,0.00176878726524416,0.0436879741635841,,,,
Bai_2020,52,1,1,1,52.1,52.1.1.1,Artificial Intelligence Augmentation of Radiologist Performance in Distinguishing COVID-19 from Pneumonia of Other Origin at Chest CT,"Bai, Harrison X.; Wang, Robin; Xiong, Zeng; Hsieh, Ben; Chang, Ken; Halsey, Kasey; Thi My Linh Tran; Choi, Ji Whae; Wang, Dong-Cui; Shi, Lin-Bo; Mei, Ji; Jiang, Xiao-Long; Pan, Ian; Zeng, Qiu-Hua; Hu, Ping-Feng; Li, Yi-Hui; Fu, Fei-Xian; Huang, Raymond Y.; Sebro, Ronnie; Yu, Qi-Zhi; Atalay, Michael K.; Liao, Wei-Hua",2020,Healthcare,Radiology,Within-Subjects,Dependent Samples,Classify CT images,Image,Image,No,No,Yes,No,No,No,Binary,Binary,Decide,Deep,Image,Binary,Deep,Human,No,HAI = Delegation,Yes,No,Image,Accuracy,Accuracy,Up,6,6,6,Radiologists,Specialists (Expert),Hospital,Yes,No,0.8457,0.96,0.8986,0.8457,0.96,0.8986,AI,0.96,0.8457,0,0.0469,0.0,0.0334,0.0,0.0469,No,,,,,1.1993768494528827,0.3350948459291192,,,1.1993768494528827,0.3350948459291192
Bai_2020,52,1,1,2,52.1,52.1.1.2,Artificial Intelligence Augmentation of Radiologist Performance in Distinguishing COVID-19 from Pneumonia of Other Origin at Chest CT,"Bai, Harrison X.; Wang, Robin; Xiong, Zeng; Hsieh, Ben; Chang, Ken; Halsey, Kasey; Thi My Linh Tran; Choi, Ji Whae; Wang, Dong-Cui; Shi, Lin-Bo; Mei, Ji; Jiang, Xiao-Long; Pan, Ian; Zeng, Qiu-Hua; Hu, Ping-Feng; Li, Yi-Hui; Fu, Fei-Xian; Huang, Raymond Y.; Sebro, Ronnie; Yu, Qi-Zhi; Atalay, Michael K.; Liao, Wei-Hua",2020,Healthcare,Radiology,Within-Subjects,Dependent Samples,Classify CT images,Image,Image,No,No,Yes,No,No,No,Binary,Binary,Decide,Deep,Image,Binary,Deep,Human,No,HAI = Inversion,Yes,No,Image,Sensitivity,Accuracy,Up,6,6,6,Radiologists,Specialists (Expert),Hospital,Yes,No,0.8157,0.95,0.8814,0.8157,0.95,0.8814,AI,0.95,0.8157,0,0.166,0.0,0.0581,0.0,0.166,No,,,,,0.48765984720974426,0.292466702718839,,,0.48765984720974426,0.292466702718839
Bai_2020,52,1,1,3,52.1,52.1.1.3,Artificial Intelligence Augmentation of Radiologist Performance in Distinguishing COVID-19 from Pneumonia of Other Origin at Chest CT,"Bai, Harrison X.; Wang, Robin; Xiong, Zeng; Hsieh, Ben; Chang, Ken; Halsey, Kasey; Thi My Linh Tran; Choi, Ji Whae; Wang, Dong-Cui; Shi, Lin-Bo; Mei, Ji; Jiang, Xiao-Long; Pan, Ian; Zeng, Qiu-Hua; Hu, Ping-Feng; Li, Yi-Hui; Fu, Fei-Xian; Huang, Raymond Y.; Sebro, Ronnie; Yu, Qi-Zhi; Atalay, Michael K.; Liao, Wei-Hua",2020,Healthcare,Radiology,Within-Subjects,Dependent Samples,Classify CT images,Image,Image,No,No,Yes,No,No,No,Binary,Binary,Decide,Deep,Image,Binary,Deep,Human,No,,Yes,No,Image,Specificity,Accuracy,Up,6,6,6,Radiologists,Specialists (Expert),Hospital,Yes,No,0.8757,0.96,0.9129,0.8757,0.96,0.9129,AI,0.96,0.8757,0,0.083,0.0,0.0668,0.0,0.083,No,,,,,0.4557998505132989,0.29139953267673185,,,0.4557998505132989,0.29139953267673185
Guermazi_2022,53,1,1,1,53.1,53.1.1.1,Improving Radiographic Fracture Recognition Performance and Efficiency Using Artificial Intelligence,"Guermazi, Ali; Tannoury, Chadi; Kompel, Andrew J.; Murakami, Akira M.; Ducarouge, Alexis; Gillibert, Andre; Li, Xinning; Tournier, Antoine; Lahoud, Youmna; Jarraya, Mohamed; Lacave, Elise; Rahimi, Hamza; Pourchot, Alois; Parisien, Robert L.; Merritt, Alexander C.; Comeau, Douglas; Regnard, Nor-Eddine; Hayashi, Daichi",2022,Healthcare,Radiology,Within-Subjects,Dependent Samples,Detect fractures,Image,Image,No,No,Yes,No,No,No,Binary,Binary,Decide,Deep,Image,Binary,Deep,Human,No,,Yes,No,Image,Sensitivity,Accuracy,Up,24,24,24,Medical Professionals,Specialists (Expert),Not Specified,Yes,No,0.648,0.88,0.752,0.648,0.88,0.752,AI,0.88,0.648,0,0.094,0.0,0.059,0.0,0.094,No,,,,,1.3035187478643142,0.09774752545720655,,,1.3035187478643142,0.09774752545720655
Guermazi_2022,53,1,1,2,53.1,53.1.1.2,Improving Radiographic Fracture Recognition Performance and Efficiency Using Artificial Intelligence,"Guermazi, Ali; Tannoury, Chadi; Kompel, Andrew J.; Murakami, Akira M.; Ducarouge, Alexis; Gillibert, Andre; Li, Xinning; Tournier, Antoine; Lahoud, Youmna; Jarraya, Mohamed; Lacave, Elise; Rahimi, Hamza; Pourchot, Alois; Parisien, Robert L.; Merritt, Alexander C.; Comeau, Douglas; Regnard, Nor-Eddine; Hayashi, Daichi",2022,Healthcare,Radiology,Within-Subjects,Dependent Samples,Detect fractures,Image,Image,No,No,Yes,No,No,No,Binary,Binary,Decide,Deep,Image,Binary,Deep,Human,No,,Yes,No,Image,Specificity,Accuracy,Up,24,24,24,Medical Professionals,Specialists (Expert),Not Specified,Yes,No,0.906,0.88,0.956,0.906,0.88,0.956,Human,0.906,0.88,1,0.08,0.0,0.028,0.08,0.0,No,,,0.8205843986877037,0.08740955477730777,0.8205843986877037,0.08740955477730777,,,,
Lee_2022,54,1,1,1,54.1,54.1.1.1,Localization-adjusted diagnostic performance and assistance effect of a computer-aided detection system for pneumothorax and consolidation,"Lee, Sun Yeop; Ha, Sangwoo; Jeon, Min Gyeong; Li, Hao; Choi, Hyunju; Kim, Hwa Pyung; Choi, Ye Ra; Hoseok, I; Jeong, Yeon Joo; Park, Yoon Ha; Ahn, Hyemin; Hong, Sang Hyup; Koo, Hyun Jung; Lee, Choong Wook; Kim, Min Jae; Kim, Yeon Joo; Kim, Kyung Won; Choi, Jong Mun",2022,Healthcare,NPJ Digital Medicine,Within-Subjects,Dependent Samples,Detect consolidation in chest radiographs,Image,Image,No,No,Yes,No,No,No,Binary,Binary,Decide,Deep,Image,Binary,Deep,Human,No,,Yes,No,Image,Sensitivity,Accuracy,Up,6,6,6,Medical Professionals,Specialists (Expert),Not Specified,Yes,No,0.9672,0.933,0.9675,0.9672,0.933,0.9675,Human,0.9672,0.933,1,0.0213,0.0425,0.0331,0.021292409,0.0425,No,,,0.00995065585643586,0.28402718398409377,0.009949617515334836,0.2840271832504865,0.8360529018281199,0.3088396847806587,0.8360529018281199,0.3088396847806587
Lee_2022,54,1,1,2,54.1,54.1.1.2,Localization-adjusted diagnostic performance and assistance effect of a computer-aided detection system for pneumothorax and consolidation,"Lee, Sun Yeop; Ha, Sangwoo; Jeon, Min Gyeong; Li, Hao; Choi, Hyunju; Kim, Hwa Pyung; Choi, Ye Ra; Hoseok, I; Jeong, Yeon Joo; Park, Yoon Ha; Ahn, Hyemin; Hong, Sang Hyup; Koo, Hyun Jung; Lee, Choong Wook; Kim, Min Jae; Kim, Yeon Joo; Kim, Kyung Won; Choi, Jong Mun",2022,Healthcare,NPJ Digital Medicine,Within-Subjects,Dependent Samples,Detect consolidation in chest radiographs,Image,Image,No,No,Yes,No,No,No,Binary,Binary,Decide,Deep,Image,Binary,Deep,Human,No,,Yes,No,Image,Specificity,Accuracy,Up,6,6,6,Medical Professionals,Specialists (Expert),Not Specified,Yes,No,0.9308,0.948,0.958,0.9308,0.948,0.958,AI,0.948,0.9308,1,0.0832,0.0225,0.0434,0.022495314,0.0832,No,,,0.26704863585604094,0.28655556120399667,0.37838802783196845,0.28910689347715623,0.267036855019104,0.2865553378203016,0.37838802783196845,0.28910689347715623
Lee_2022,54,1,1,4,54.1,54.1.1.4,Localization-adjusted diagnostic performance and assistance effect of a computer-aided detection system for pneumothorax and consolidation,"Lee, Sun Yeop; Ha, Sangwoo; Jeon, Min Gyeong; Li, Hao; Choi, Hyunju; Kim, Hwa Pyung; Choi, Ye Ra; Hoseok, I; Jeong, Yeon Joo; Park, Yoon Ha; Ahn, Hyemin; Hong, Sang Hyup; Koo, Hyun Jung; Lee, Choong Wook; Kim, Min Jae; Kim, Yeon Joo; Kim, Kyung Won; Choi, Jong Mun",2022,Healthcare,NPJ Digital Medicine,Within-Subjects,Dependent Samples,Detect pneumothorax in chest radiographs,Image,Image,No,No,Yes,No,No,No,Binary,Binary,Decide,Deep,Image,Binary,Deep,Human,No,,Yes,No,Image,Specificity,Accuracy,Up,6,6,6,Medical Professionals,Specialists (Expert),Not Specified,Yes,No,0.9427,0.996,0.997,0.9427,0.996,0.997,AI,0.996,0.9427,1,0.0251,0.0087,0.0011,0.008748178,0.0251,No,,,0.14805698331319764,0.2848019243896262,2.821384952199671,0.5666347827869375,0.1488640127839393,0.28481043175037174,2.821384952199671,0.5666347827869375
Maron_2020,55,1,1,1,55.1,55.1.1.1,Artificial Intelligence and Its Effect on Dermatologists' Accuracy in Dermoscopic Melanoma Image Classification: Web-Based Survey Study,"Maron, Roman C.; Utikal, Jochen S.; Hekler, Achim; Hauschild, Axel; Sattler, Elke; Sondermann, Wiebke; Haferkamp, Sebastian; Schilling, Bastian; Heppt, Markus, V; Jansen, Philipp; Reinholz, Markus; Franklin, Cindy; Schmitt, Laurenz; Hartmann, Daniela; Krieghoff-Henning, Eva; Schmitt, Max; Weichenthal, Michael; von Kalle, Christof; Frohling, Stefan; Brinker, Titus J.",2020,Healthcare,Journal of Medical Internet Research,Within-Subjects,Dependent Samples,Classify dermoscopic images,Image,Image,No,No,Yes,No,No,No,Binary,Binary,Decide,Deep,Image,Binary,Deep,Human,No,,No,Yes,,Sensitivity,Accuracy,Up,12,12,12,Dermatologists,Specialists (Expert),Invitation,Yes,No,0.594,0.847,0.746,0.594,0.847,0.746,AI,0.847,0.594,0,0.1078,0.0495,0.0831,0.049487166,0.1078,No,,,-1.4258834739064623,0.19485693237289675,1.5248338166945492,0.20052746343964648,-1.4257866626192528,0.194851570653129,1.5248338166945492,0.20052746343964648
Maron_2020,55,1,1,2,55.1,55.1.1.2,Artificial Intelligence and Its Effect on Dermatologists' Accuracy in Dermoscopic Melanoma Image Classification: Web-Based Survey Study,"Maron, Roman C.; Utikal, Jochen S.; Hekler, Achim; Hauschild, Axel; Sattler, Elke; Sondermann, Wiebke; Haferkamp, Sebastian; Schilling, Bastian; Heppt, Markus, V; Jansen, Philipp; Reinholz, Markus; Franklin, Cindy; Schmitt, Laurenz; Hartmann, Daniela; Krieghoff-Henning, Eva; Schmitt, Max; Weichenthal, Michael; von Kalle, Christof; Frohling, Stefan; Brinker, Titus J.",2020,Healthcare,Journal of Medical Internet Research,Within-Subjects,Dependent Samples,Classify dermoscopic images,Image,Image,No,No,Yes,No,No,No,Binary,Binary,Decide,Deep,Image,Binary,Deep,Human,No,,No,Yes,,Specificity,Accuracy,Up,12,12,12,Dermatologists,Specialists (Expert),Invitation,Yes,No,0.706,0.791,0.724,0.706,0.791,0.724,AI,0.791,0.706,0,0.1467,0.076,0.1096,0.075998148,0.1467,No,,,-0.6859425708627165,0.16450865767561074,0.13421807574151903,0.15572045584658425,-0.6859371432640022,0.1645085130641894,0.13421807574151903,0.15572045584658425
Maron_2020,55,1,1,3,55.1,55.1.1.3,Artificial Intelligence and Its Effect on Dermatologists' Accuracy in Dermoscopic Melanoma Image Classification: Web-Based Survey Study,"Maron, Roman C.; Utikal, Jochen S.; Hekler, Achim; Hauschild, Axel; Sattler, Elke; Sondermann, Wiebke; Haferkamp, Sebastian; Schilling, Bastian; Heppt, Markus, V; Jansen, Philipp; Reinholz, Markus; Franklin, Cindy; Schmitt, Laurenz; Hartmann, Daniela; Krieghoff-Henning, Eva; Schmitt, Max; Weichenthal, Michael; von Kalle, Christof; Frohling, Stefan; Brinker, Titus J.",2020,Healthcare,Journal of Medical Internet Research,Within-Subjects,Dependent Samples,Classify dermoscopic images,Image,Image,No,No,Yes,No,No,No,Binary,Binary,Decide,Deep,Image,Binary,Deep,Human,No,,No,Yes,,Accuracy,Accuracy,Up,12,12,12,Dermatologists,Specialists (Expert),Invitation,Yes,No,0.65,0.819,0.736,0.65,0.819,0.736,AI,0.819,0.65,0,0.0477,0.0389,0.0477,0.038882773,0.0477,No,All biopsies,,-1.8416041916685217,0.22123812680926772,1.740764837706932,0.21422229440731086,-1.8412784821204573,0.221214829959283,1.740764837706932,0.21422229440731086
Nasir-Moin_2021,57,1,1,1,57.1,57.1.1.1,Evaluation of an Artificial Intelligence-Augmented Digital System for Histologic Classification of Colorectal Polyps,"Nasir-Moin, Mustafa; Suriawinata, Arief A.; Ren, Bing; Liu, Xiaoying; Robertson, Douglas J.; Bagchi, Srishti; Tomita, Naofumi; Wei, Jason W.; MacKenzie, Todd A.; Rees, Judy R.; Hassanpour, Saeed",2021,Healthcare,JAMA Network Open,Within-Subjects,Dependent Samples,Classify colorectal polyps,Image,Image,No,No,Yes,No,No,No,Categoric,Categoric,Decide,Deep,Image,Categorical,Deep,Human,No,TVA/VA,Yes,Yes,"Image, Numeric",Accuracy,Accuracy,Up,15,15,15,Pathologists,Specialists (Expert),Not Specified,Yes,No,0.873333333,1.0,0.9213,0.8733,1.0,0.9213,AI,1.0,0.8733,0,0.0638,0.0,0.0633,0.0,0.0638,No,Tumor detection,,,,0.7348912876404328,0.13474463726839736,,,0.7348912876404328,0.13474463726839736
Nasir-Moin_2021,57,1,1,2,57.1,57.1.1.2,Evaluation of an Artificial Intelligence-Augmented Digital System for Histologic Classification of Colorectal Polyps,"Nasir-Moin, Mustafa; Suriawinata, Arief A.; Ren, Bing; Liu, Xiaoying; Robertson, Douglas J.; Bagchi, Srishti; Tomita, Naofumi; Wei, Jason W.; MacKenzie, Todd A.; Rees, Judy R.; Hassanpour, Saeed",2021,Healthcare,JAMA Network Open,Within-Subjects,Dependent Samples,Classify colorectal polyps,Image,Image,No,No,Yes,No,No,No,Categoric,Categoric,Decide,Deep,Image,Categorical,Deep,Human,No,TA,Yes,Yes,"Image, Numeric",Accuracy,Accuracy,Up,15,15,15,Pathologists,Specialists (Expert),Not Specified,Yes,No,0.888,0.8,0.9027,0.888,0.8,0.9027,Human,0.888,0.8,1,0.0626,0.0,0.0326,0.062587082,0.0,No,Tumor detection,,0.28663068052288776,0.1275197913627228,0.2865841518304038,0.12751937055028167,,,,
Nasir-Moin_2021,57,1,1,3,57.1,57.1.1.3,Evaluation of an Artificial Intelligence-Augmented Digital System for Histologic Classification of Colorectal Polyps,"Nasir-Moin, Mustafa; Suriawinata, Arief A.; Ren, Bing; Liu, Xiaoying; Robertson, Douglas J.; Bagchi, Srishti; Tomita, Naofumi; Wei, Jason W.; MacKenzie, Todd A.; Rees, Judy R.; Hassanpour, Saeed",2021,Healthcare,JAMA Network Open,Within-Subjects,Dependent Samples,Classify colorectal polyps,Image,Image,No,No,Yes,No,No,No,Categoric,Categoric,Decide,Deep,Image,Categorical,Deep,Human,No,SSP,Yes,Yes,"Image, Numeric",Accuracy,Accuracy,Up,15,15,15,Pathologists,Specialists (Expert),Not Specified,Yes,No,0.845333333,0.8,0.9027,0.8453,0.8,0.9027,Human,0.8453,0.8,1,0.0824,0.0,0.061,0.082363885,0.0,No,"HAI = Multiclass Probabilities, AI = Malignant Groups Summed",,0.7706081100466841,0.13559304321418994,0.770389947305068,0.13558773885436673,,,,
Nasir-Moin_2021,57,1,1,4,57.1,57.1.1.4,Evaluation of an Artificial Intelligence-Augmented Digital System for Histologic Classification of Colorectal Polyps,"Nasir-Moin, Mustafa; Suriawinata, Arief A.; Ren, Bing; Liu, Xiaoying; Robertson, Douglas J.; Bagchi, Srishti; Tomita, Naofumi; Wei, Jason W.; MacKenzie, Todd A.; Rees, Judy R.; Hassanpour, Saeed",2021,Healthcare,JAMA Network Open,Within-Subjects,Dependent Samples,Classify colorectal polyps,Image,Image,No,No,Yes,No,No,No,Categoric,Categoric,Decide,Deep,Image,Categorical,Deep,Human,No,HP,Yes,Yes,"Image, Numeric",Accuracy,Accuracy,Up,15,15,15,Pathologists,Specialists (Expert),Not Specified,Yes,No,0.872,0.88,0.8893,0.872,0.88,0.8893,AI,0.88,0.872,1,0.0751,0.0,0.0413,0.0,0.0751,No,"HAI = Multiclass Probabilities, AI = Malignant Groups Summed",,,,0.27774438244110905,0.12744066175801025,,,0.27774438244110905,0.12744066175801025
Nuutinen_2023,58,1,1,1,58.1,58.1.1.1,Aid of a machine learning algorithm can improve clinician predictions of patient quality of life during breast cancer treatments,"Nuutinen, Mikko; Hiltunen, Anna-Maria; Korhonen, Sonja; Haavisto, Ira; Poikonen-Saksela, Paula; Mattson, Johanna; Manikis, Georgios; Kondylakis, Haridimos; Simos, Panagiotis; Mazzocco, Ketti; Pat-Horenczyk, Ruth; Sousa, Berta; Cardoso, Fatima; Manica, Isabel; Kudel, Ian; Leskela, Riikka-Leena",2023,Healthcare,Health and Technology,Within-Subjects,Dependent Samples,Predict patient quality of life,"Categoric, Numeric",Multiple,Yes,No,No,Yes,No,No,Categoric,Categoric,Decide,Shallow,"Categoric, Numeric",Continuous,Shallow,Human,No,,No,Yes,,Accuracy,Accuracy,Up,6,6,6,Oncologists,Specialists (Expert),Not Specified,Yes,No,0.675,0.733,0.725,0.675,0.733,0.725,AI,0.733,0.675,0,0.094,0.093,0.076,0.093,0.094,No,"HAI = Malignancy Probabilities, AI = Malignant Groups Summed",,-0.08695307954355165,0.2842921007588914,0.5399680510356017,0.2943751063718055,-0.08695307954355165,0.2842921007588914,0.5399680510356017,0.2943751063718055
Nuutinen_2023,58,1,1,2,58.1,58.1.1.2,Aid of a machine learning algorithm can improve clinician predictions of patient quality of life during breast cancer treatments,"Nuutinen, Mikko; Hiltunen, Anna-Maria; Korhonen, Sonja; Haavisto, Ira; Poikonen-Saksela, Paula; Mattson, Johanna; Manikis, Georgios; Kondylakis, Haridimos; Simos, Panagiotis; Mazzocco, Ketti; Pat-Horenczyk, Ruth; Sousa, Berta; Cardoso, Fatima; Manica, Isabel; Kudel, Ian; Leskela, Riikka-Leena",2023,Healthcare,Health and Technology,Within-Subjects,Dependent Samples,Predict patient quality of life,"Categoric, Numeric",Multiple,Yes,No,No,Yes,No,No,Categoric,Categoric,Decide,Shallow,"Categoric, Numeric",Continuous,Shallow,Human,No,,No,Yes,,Sensitivity,Accuracy,Up,6,6,6,Oncologists,Specialists (Expert),Not Specified,Yes,No,0.767,0.756,0.811,0.767,0.756,0.811,Human,0.767,0.756,1,0.315,0.192,0.198,0.315,0.192,No,"HAI = Malignancy Probabilities, AI = Malignant Groups Summed",,0.15438035215524765,0.2848698210579259,0.15438035215524765,0.2848698210579259,0.26032422380806763,0.28642965804146536,0.26032422380806763,0.28642965804146536
Nuutinen_2023,58,1,1,3,58.1,58.1.1.3,Aid of a machine learning algorithm can improve clinician predictions of patient quality of life during breast cancer treatments,"Nuutinen, Mikko; Hiltunen, Anna-Maria; Korhonen, Sonja; Haavisto, Ira; Poikonen-Saksela, Paula; Mattson, Johanna; Manikis, Georgios; Kondylakis, Haridimos; Simos, Panagiotis; Mazzocco, Ketti; Pat-Horenczyk, Ruth; Sousa, Berta; Cardoso, Fatima; Manica, Isabel; Kudel, Ian; Leskela, Riikka-Leena",2023,Healthcare,Health and Technology,Within-Subjects,Dependent Samples,Predict patient quality of life,"Categoric, Numeric",Multiple,Yes,No,No,Yes,No,No,Categoric,Categoric,Decide,Shallow,"Categoric, Numeric",Continuous,Shallow,Human,No,,No,Yes,,Precision,Accuracy,Up,6,6,6,Oncologists,Specialists (Expert),Not Specified,Yes,No,0.616,0.739,0.639,0.616,0.739,0.639,AI,0.739,0.616,0,0.206,0.06,0.187,0.06,0.206,No,Calculate from data in chart; AI = average of the three models shown,,-0.6647122801395982,0.2997103816107119,0.10791857947252025,0.2844371509986521,-0.6647122801395982,0.2997103816107119,0.10791857947252025,0.2844371509986521
Nuutinen_2023,58,2,1,1,58.2,58.2.1.1,Aid of a machine learning algorithm can improve clinician predictions of patient quality of life during breast cancer treatments,"Nuutinen, Mikko; Hiltunen, Anna-Maria; Korhonen, Sonja; Haavisto, Ira; Poikonen-Saksela, Paula; Mattson, Johanna; Manikis, Georgios; Kondylakis, Haridimos; Simos, Panagiotis; Mazzocco, Ketti; Pat-Horenczyk, Ruth; Sousa, Berta; Cardoso, Fatima; Manica, Isabel; Kudel, Ian; Leskela, Riikka-Leena",2023,Healthcare,Health and Technology,Within-Subjects,Dependent Samples,Predict patient quality of life,"Categoric, Numeric",Multiple,Yes,No,No,Yes,No,No,Categoric,Categoric,Decide,Shallow,"Categoric, Numeric",Continuous,Shallow,Human,No,,No,Yes,,Accuracy,Accuracy,Up,9,9,9,Oncologists,Specialists (Expert),Not Specified,Yes,No,0.687,0.671,0.715,0.687,0.671,0.715,Human,0.687,0.671,1,0.057,0.079,0.045,0.057,0.079,No,Calculate from data in chart; AI = average of the three models shown,,0.5192944336328748,0.20835643005296264,0.5192944336328748,0.20835643005296264,0.6518244918918327,0.21226694805316312,0.6518244918918327,0.21226694805316312
Nuutinen_2023,58,2,1,2,58.2,58.2.1.2,Aid of a machine learning algorithm can improve clinician predictions of patient quality of life during breast cancer treatments,"Nuutinen, Mikko; Hiltunen, Anna-Maria; Korhonen, Sonja; Haavisto, Ira; Poikonen-Saksela, Paula; Mattson, Johanna; Manikis, Georgios; Kondylakis, Haridimos; Simos, Panagiotis; Mazzocco, Ketti; Pat-Horenczyk, Ruth; Sousa, Berta; Cardoso, Fatima; Manica, Isabel; Kudel, Ian; Leskela, Riikka-Leena",2023,Healthcare,Health and Technology,Within-Subjects,Dependent Samples,Predict patient quality of life,"Categoric, Numeric",Multiple,Yes,No,No,Yes,No,No,Categoric,Categoric,Decide,Shallow,"Categoric, Numeric",Continuous,Shallow,Human,No,,No,Yes,,Sensitivity,Accuracy,Up,9,9,9,Oncologists,Specialists (Expert),Not Specified,Yes,No,0.737,0.688,0.752,0.737,0.688,0.752,Human,0.737,0.688,1,0.117,0.065,0.084,0.117,0.065,No,Calculate from data in chart; AI = average of the three models shown,,0.14026852760473477,0.2020578296758982,0.14026852760473477,0.2020578296758982,0.8115810036678017,0.2181573123082498,0.8115810036678017,0.2181573123082498
Nuutinen_2023,58,2,1,3,58.2,58.2.1.3,Aid of a machine learning algorithm can improve clinician predictions of patient quality of life during breast cancer treatments,"Nuutinen, Mikko; Hiltunen, Anna-Maria; Korhonen, Sonja; Haavisto, Ira; Poikonen-Saksela, Paula; Mattson, Johanna; Manikis, Georgios; Kondylakis, Haridimos; Simos, Panagiotis; Mazzocco, Ketti; Pat-Horenczyk, Ruth; Sousa, Berta; Cardoso, Fatima; Manica, Isabel; Kudel, Ian; Leskela, Riikka-Leena",2023,Healthcare,Health and Technology,Within-Subjects,Dependent Samples,Predict patient quality of life,"Categoric, Numeric",Multiple,Yes,No,No,Yes,No,No,Categoric,Categoric,Decide,Shallow,"Categoric, Numeric",Continuous,Shallow,Human,No,,No,Yes,,Precision,Accuracy,Up,9,9,9,Oncologists,Specialists (Expert),Not Specified,Yes,No,0.705,0.696,0.733,0.705,0.696,0.733,Human,0.705,0.696,1,0.076,0.16,0.114,0.076,0.16,No,Focused on diagnoses across all categories (Fig 4),Double check values in WebPlotDigitizer,0.2752507159834164,0.2034709739644591,0.2752507159834164,0.2034709739644591,0.25366250326303286,0.20318328711417655,0.25366250326303286,0.20318328711417655
Rajpurkar_2020,60,1,1,1,60.1,60.1.1.1,CheXaid: deep learning assistance for physician diagnosis of tuberculosis using chest x-rays in patients with HIV,"Rajpurkar, Pranav; O'Connell, Chloe; Schechter, Amit; Asnani, Nishit; Li, Jason; Kiani, Amirhossein; Ball, Robyn L.; Mendelson, Marc; Maartens, Gary; van Hoving, Daniel J.; Griesel, Rulan; Ng, Andrew Y.; Boyles, Tom H.; Lungren, Matthew P.",2020,Healthcare,NPJ Digital Medicine,Within-Subjects,Dependent Samples,Classify chest x-rays,"Categoric, Image, Numeric",Multiple,Yes,No,Yes,Yes,No,No,Binary,Binary,Decide,Deep,"Categoric, Image, Numeric",Binary,Deep,Human,No,,Yes,Yes,Image,Accuracy,Accuracy,Up,13,13,13,Physicians,Specialists (Expert),Email Lists,Yes,No,0.6015,0.7677,0.6515,0.6015,0.7677,0.6515,AI,0.7677,0.6015,0,0.0474,0.0413,0.0834,0.041262139,0.0474,No,Focused on diagnoses across all categories (Fig 4),Double check values in WebPlotDigitizer,-1.7103045234640744,0.1970389903879755,0.7138394717350521,0.1534732011985269,-1.7099958672101667,0.1970199504981317,0.7138394717350521,0.1534732011985269
Rajpurkar_2020,60,1,1,2,60.1,60.1.1.2,CheXaid: deep learning assistance for physician diagnosis of tuberculosis using chest x-rays in patients with HIV,"Rajpurkar, Pranav; O'Connell, Chloe; Schechter, Amit; Asnani, Nishit; Li, Jason; Kiani, Amirhossein; Ball, Robyn L.; Mendelson, Marc; Maartens, Gary; van Hoving, Daniel J.; Griesel, Rulan; Ng, Andrew Y.; Boyles, Tom H.; Lungren, Matthew P.",2020,Healthcare,NPJ Digital Medicine,Within-Subjects,Dependent Samples,Classify chest x-rays,"Categoric, Image, Numeric",Multiple,Yes,No,Yes,Yes,No,No,Binary,Binary,Decide,Deep,"Categoric, Image, Numeric",Binary,Deep,Human,No,,Yes,Yes,Image,Sensitivity,Accuracy,Up,13,13,13,Physicians,Specialists (Expert),Email Lists,Yes,No,0.7046,0.6492,0.7292,0.7046,0.6492,0.7292,Human,0.7046,0.6492,1,0.1124,0.074,0.1133,0.112443718,0.074,No,All translations,,0.2110622321907269,0.1450864011468495,0.21110295518019573,0.1450867112078686,0.8096377765103133,0.15610540127412595,0.8096377765103133,0.15610540127412595
Rajpurkar_2020,60,1,1,3,60.1,60.1.1.3,CheXaid: deep learning assistance for physician diagnosis of tuberculosis using chest x-rays in patients with HIV,"Rajpurkar, Pranav; O'Connell, Chloe; Schechter, Amit; Asnani, Nishit; Li, Jason; Kiani, Amirhossein; Ball, Robyn L.; Mendelson, Marc; Maartens, Gary; van Hoving, Daniel J.; Griesel, Rulan; Ng, Andrew Y.; Boyles, Tom H.; Lungren, Matthew P.",2020,Healthcare,NPJ Digital Medicine,Within-Subjects,Dependent Samples,Classify chest x-rays,"Categoric, Image, Numeric",Multiple,Yes,No,Yes,Yes,No,No,Binary,Binary,Decide,Deep,"Categoric, Image, Numeric",Binary,Deep,Human,No,,Yes,Yes,Image,Specificity,Accuracy,Up,13,13,13,Physicians,Specialists (Expert),Email Lists,Yes,No,0.52,0.8615,0.61,0.52,0.8615,0.61,AI,0.8615,0.52,0,0.1201,0.0418,0.1517,0.041802343,0.1201,No,All translations,,-2.1889660764330032,0.23070076604020318,0.6370474617458326,0.1516022600075139,-2.1889747349994373,0.2307014497014767,0.6370474617458326,0.1516022600075139
Rajpurkar_2020,60,1,1,4,60.1,60.1.1.4,CheXaid: deep learning assistance for physician diagnosis of tuberculosis using chest x-rays in patients with HIV,"Rajpurkar, Pranav; O'Connell, Chloe; Schechter, Amit; Asnani, Nishit; Li, Jason; Kiani, Amirhossein; Ball, Robyn L.; Mendelson, Marc; Maartens, Gary; van Hoving, Daniel J.; Griesel, Rulan; Ng, Andrew Y.; Boyles, Tom H.; Lungren, Matthew P.",2020,Healthcare,NPJ Digital Medicine,Within-Subjects,Dependent Samples,Classify chest x-rays,"Categoric, Image, Numeric",Multiple,Yes,No,Yes,Yes,No,No,Binary,Binary,Decide,Deep,"Categoric, Image, Numeric",Binary,Deep,Human,No,,Yes,Yes,Image,PPV,Accuracy,Up,13,13,13,Physicians,Specialists (Expert),Email Lists,Yes,No,0.5377,0.7438,0.5515,0.5377,0.7438,0.5515,AI,0.7438,0.5377,0,0.052,0.0734,0.113,0.073432334,0.052,No,Worse Quality,,-1.954271714006227,0.2131632687360818,0.15193962266566183,0.14469933290558806,-1.9545272041377584,0.21318127993239308,0.15193962266566183,0.14469933290558806
Rajpurkar_2020,60,1,1,5,60.1,60.1.1.5,CheXaid: deep learning assistance for physician diagnosis of tuberculosis using chest x-rays in patients with HIV,"Rajpurkar, Pranav; O'Connell, Chloe; Schechter, Amit; Asnani, Nishit; Li, Jason; Kiani, Amirhossein; Ball, Robyn L.; Mendelson, Marc; Maartens, Gary; van Hoving, Daniel J.; Griesel, Rulan; Ng, Andrew Y.; Boyles, Tom H.; Lungren, Matthew P.",2020,Healthcare,NPJ Digital Medicine,Within-Subjects,Dependent Samples,Classify chest x-rays,"Categoric, Image, Numeric",Multiple,Yes,No,Yes,Yes,No,No,Binary,Binary,Decide,Deep,"Categoric, Image, Numeric",Binary,Deep,Human,No,,Yes,Yes,Image,NPV,Accuracy,Up,13,13,13,Physicians,Specialists (Expert),Email Lists,Yes,No,0.6985,0.7954,0.7846,0.6985,0.7954,0.7846,AI,0.7954,0.6985,0,0.052,0.0734,0.113,0.073432334,0.052,No,Worse Quality,,-0.10975628971017842,0.14450023672418566,0.9479711240227134,0.16049044804765872,-0.1097706386099212,0.14450029353506377,0.9479711240227134,0.16049044804765872
Steiner_2020,61,1,1,1,61.1,61.1.1.1,Evaluation of the Use of Combined Artificial Intelligence and Pathologist Assessment to Review and Grade Prostate Biopsies,"Steiner, David F.; Nagpal, Kunal; Sayres, Rory; Foote, Davis J.; Wedin, Benjamin D.; Pearce, Adam; Cai, Carrie J.; Winter, Samantha R.; Symonds, Matthew; Yatziv, Liron; Kapishnikov, Andrei; Brown, Trissia; Flament-Auvigne, Isabelle; Tan, Fraser; Stumpe, Martin C.; Jiang, Pan-Pan; Liu, Yun; Chen, Po-Hsuan Cameron; Corrado, Greg S.; Terry, Michael; Mermel, Craig H.",2020,Healthcare,JAMA Network Open,Within-Subjects,Dependent Samples,Classify prostrate biopsies,Image,Image,No,No,Yes,No,No,No,Categoric,Categoric,Decide,Shallow,Image,Categorical,Shallow,Human,No,All biopsies,Yes,No,Image,Agreement with Subspecialists,Accuracy,Up,20,20,20,Pathologists,Specialists (Expert),Not Specified,Yes,No,0.697,0.746,0.759,0.697,0.746,0.759,AI,0.746,0.697,1,0.0342,0.1004,0.0319,0.100394889,0.0342,No,Better Quality,,0.17105876801111922,0.09641733650974393,1.8375630221420278,0.13661345757476062,0.17105085852624086,0.096417304016502,1.8375630221420278,0.13661345757476062
Steiner_2020,61,1,1,2,61.1,61.1.1.2,Evaluation of the Use of Combined Artificial Intelligence and Pathologist Assessment to Review and Grade Prostate Biopsies,"Steiner, David F.; Nagpal, Kunal; Sayres, Rory; Foote, Davis J.; Wedin, Benjamin D.; Pearce, Adam; Cai, Carrie J.; Winter, Samantha R.; Symonds, Matthew; Yatziv, Liron; Kapishnikov, Andrei; Brown, Trissia; Flament-Auvigne, Isabelle; Tan, Fraser; Stumpe, Martin C.; Jiang, Pan-Pan; Liu, Yun; Chen, Po-Hsuan Cameron; Corrado, Greg S.; Terry, Michael; Mermel, Craig H.",2020,Healthcare,JAMA Network Open,Within-Subjects,Dependent Samples,Classify prostrate biopsies,Image,Image,No,No,Yes,No,No,No,Categoric,Categoric,Decide,Shallow,Image,Categorical,Shallow,Human,No,Grade group 1,Yes,No,Image,Agreement with Subspecialists,Accuracy,Up,20,20,20,Pathologists,Specialists (Expert),Not Specified,Yes,No,0.723,0.773,0.785,0.723,0.773,0.785,AI,0.773,0.723,1,0.0411,0.0,0.0297,0.0,0.0411,No,Better Quality,,,,1.6947868301290154,0.1305572736724119,,,1.6947868301290154,0.1305572736724119
Steiner_2020,61,1,1,3,61.1,61.1.1.3,Evaluation of the Use of Combined Artificial Intelligence and Pathologist Assessment to Review and Grade Prostate Biopsies,"Steiner, David F.; Nagpal, Kunal; Sayres, Rory; Foote, Davis J.; Wedin, Benjamin D.; Pearce, Adam; Cai, Carrie J.; Winter, Samantha R.; Symonds, Matthew; Yatziv, Liron; Kapishnikov, Andrei; Brown, Trissia; Flament-Auvigne, Isabelle; Tan, Fraser; Stumpe, Martin C.; Jiang, Pan-Pan; Liu, Yun; Chen, Po-Hsuan Cameron; Corrado, Greg S.; Terry, Michael; Mermel, Craig H.",2020,Healthcare,JAMA Network Open,Within-Subjects,Dependent Samples,Classify prostrate biopsies,Image,Image,No,No,Yes,No,No,No,Categoric,Categoric,Decide,Shallow,Image,Categorical,Shallow,Human,No,Tumor detection,Yes,No,Image,Accuracy,Accuracy,Up,20,20,20,Pathologists,Specialists (Expert),Not Specified,Yes,No,0.927,0.958,0.942,0.927,0.958,0.942,AI,0.958,0.927,0,0.016,0.0,0.0137,0.0,0.016,No,No UHCI,,,,0.9870773914239787,0.10776585686810264,,,0.9870773914239787,0.10776585686810264
Steiner_2020,61,1,1,4,61.1,61.1.1.4,Evaluation of the Use of Combined Artificial Intelligence and Pathologist Assessment to Review and Grade Prostate Biopsies,"Steiner, David F.; Nagpal, Kunal; Sayres, Rory; Foote, Davis J.; Wedin, Benjamin D.; Pearce, Adam; Cai, Carrie J.; Winter, Samantha R.; Symonds, Matthew; Yatziv, Liron; Kapishnikov, Andrei; Brown, Trissia; Flament-Auvigne, Isabelle; Tan, Fraser; Stumpe, Martin C.; Jiang, Pan-Pan; Liu, Yun; Chen, Po-Hsuan Cameron; Corrado, Greg S.; Terry, Michael; Mermel, Craig H.",2020,Healthcare,JAMA Network Open,Within-Subjects,Dependent Samples,Classify prostrate biopsies,Image,Image,No,No,Yes,No,No,No,Categoric,Categoric,Decide,Shallow,Image,Categorical,Shallow,Human,No,Tumor detection,Yes,No,Image,Specificity,Accuracy,Up,20,20,20,Pathologists,Specialists (Expert),Not Specified,Yes,No,0.935,0.925,0.961,0.935,0.925,0.961,Human,0.935,0.925,1,0.0388,0.0,0.0297,0.038788934,0.0,No,UHCI,,0.7376949312074602,0.10260077477289108,0.737562275033388,0.10259842473555786,,,,
Steiner_2020,61,1,1,5,61.1,61.1.1.5,Evaluation of the Use of Combined Artificial Intelligence and Pathologist Assessment to Review and Grade Prostate Biopsies,"Steiner, David F.; Nagpal, Kunal; Sayres, Rory; Foote, Davis J.; Wedin, Benjamin D.; Pearce, Adam; Cai, Carrie J.; Winter, Samantha R.; Symonds, Matthew; Yatziv, Liron; Kapishnikov, Andrei; Brown, Trissia; Flament-Auvigne, Isabelle; Tan, Fraser; Stumpe, Martin C.; Jiang, Pan-Pan; Liu, Yun; Chen, Po-Hsuan Cameron; Corrado, Greg S.; Terry, Michael; Mermel, Craig H.",2020,Healthcare,JAMA Network Open,Within-Subjects,Dependent Samples,Classify prostrate biopsies,Image,Image,No,No,Yes,No,No,No,Categoric,Categoric,Decide,Shallow,Image,Categorical,Shallow,Human,No,Tumor detection,Yes,No,Image,Sensitivity,Accuracy,Up,20,20,20,Pathologists,Specialists (Expert),Not Specified,Yes,No,0.926,0.965,0.939,0.926,0.965,0.939,AI,0.965,0.926,0,0.0183,0.0,0.0183,0.0,0.0183,No,HAI = Feature-Based,,,,0.6962689537871333,0.10188744471097512,,,0.6962689537871333,0.10188744471097512
Tschandl_2020,62,1,2,2,62.1,62.1.2.2,Human-computer collaboration for skin cancer recognition,"Tschandl, Philipp; Rinner, Christoph; Apalla, Zoe; Argenziano, Giuseppe; Codella, Noel; Halpern, Allan; Janda, Monika; Lallas, Aimilios; Longo, Caterina; Malvehy, Josep; Paoli, John; Puig, Susana; Rosendahl, Cliff; Soyer, H. Peter; Zalaudek, Iris; Kittler, Harald",2020,Healthcare,Nature Medicine,Within-Subjects,Dependent Samples,Classify images of skin lesions,Image,Image,No,No,Yes,No,No,No,Categoric,Categoric,Decide,Deep,Image,Categorical,Deep,Human,No,"HAI = Multiclass Probabilities, AI = Malignant Groups Summed",Yes,Yes,"Image, Numeric",Sensitivity,Accuracy,Up,302,302,302,"Physicians, Residents",Specialists (Expert),Invitation,Yes,No,0.8,0.81,0.86,0.8,0.81,0.86,AI,0.81,0.8,1,0.1773,0.1773,0.1773,0.177328033,0.1773,No,HAI = Example-Based,,0.28163414597009484,0.006671515553540886,0.33798769381745397,0.0067003490820050655,0.28165641151454485,0.006671525910102713,0.33798769381745397,0.0067003490820050655
Tschandl_2020,62,1,2,3,62.1,62.1.2.3,Human-computer collaboration for skin cancer recognition,"Tschandl, Philipp; Rinner, Christoph; Apalla, Zoe; Argenziano, Giuseppe; Codella, Noel; Halpern, Allan; Janda, Monika; Lallas, Aimilios; Longo, Caterina; Malvehy, Josep; Paoli, John; Puig, Susana; Rosendahl, Cliff; Soyer, H. Peter; Zalaudek, Iris; Kittler, Harald",2020,Healthcare,Nature Medicine,Within-Subjects,Dependent Samples,Classify images of skin lesions,Image,Image,No,No,Yes,No,No,No,Categoric,Categoric,Decide,Deep,Image,Categorical,Deep,Human,No,"HAI = Multiclass Probabilities, AI = Malignant Groups Summed",Yes,Yes,"Image, Numeric",Specificity,Accuracy,Up,302,302,302,"Physicians, Residents",Specialists (Expert),Invitation,Yes,No,0.8,0.92,0.88,0.8,0.92,0.88,AI,0.92,0.8,0,0.266,0.1773,0.0887,0.177328033,0.266,No,HAI = Feature-Based,,-0.284948059521294,0.006673065989803545,0.402982926707704,0.006740116949641833,-0.2849840945944432,0.006673082948730878,0.402982926707704,0.006740116949641833
Tschandl_2020,62,1,3,1,62.1,62.1.3.1,Human-computer collaboration for skin cancer recognition,"Tschandl, Philipp; Rinner, Christoph; Apalla, Zoe; Argenziano, Giuseppe; Codella, Noel; Halpern, Allan; Janda, Monika; Lallas, Aimilios; Longo, Caterina; Malvehy, Josep; Paoli, John; Puig, Susana; Rosendahl, Cliff; Soyer, H. Peter; Zalaudek, Iris; Kittler, Harald",2020,Healthcare,Nature Medicine,Within-Subjects,Dependent Samples,Classify images of skin lesions,Image,Image,No,No,Yes,No,No,No,Categoric,Categoric,Decide,Deep,Image,Categorical,Deep,Human,No,"HAI = Malignancy Probabilities, AI = Malignant Groups Summed",No,Yes,,Sensitivity,Accuracy,Up,301,301,301,"Physicians, Residents",Specialists (Expert),Invitation,Yes,No,0.79,0.83,0.86,0.79,0.83,0.86,AI,0.83,0.79,1,0.2656,0.2656,0.2656,0.2655513,0.2656,No,HAI = Example-Based,,0.1128209014740067,0.006638455909199814,0.26322463677134533,0.0066853141205509585,0.11281055861629102,0.0066384539757769565,0.26322463677134533,0.0066853141205509585
Tschandl_2020,62,1,3,2,62.1,62.1.3.2,Human-computer collaboration for skin cancer recognition,"Tschandl, Philipp; Rinner, Christoph; Apalla, Zoe; Argenziano, Giuseppe; Codella, Noel; Halpern, Allan; Janda, Monika; Lallas, Aimilios; Longo, Caterina; Malvehy, Josep; Paoli, John; Puig, Susana; Rosendahl, Cliff; Soyer, H. Peter; Zalaudek, Iris; Kittler, Harald",2020,Healthcare,Nature Medicine,Within-Subjects,Dependent Samples,Classify images of skin lesions,Image,Image,No,No,Yes,No,No,No,Categoric,Categoric,Decide,Deep,Image,Categorical,Deep,Human,No,"HAI = Malignancy Probabilities, AI = Malignant Groups Summed",No,Yes,,Specificity,Accuracy,Up,301,301,301,"Physicians, Residents",Specialists (Expert),Invitation,Yes,No,0.8,0.93,0.82,0.8,0.93,0.82,AI,0.93,0.8,0,0.177,0.0885,0.177,0.0885171,0.177,No,HAI = Learned,,-0.7850895415228382,0.007138562433067584,0.11285304846887657,0.00663846191967012,-0.7851198829210654,0.007138601904220764,0.11285304846887657,0.00663846191967012
Jussupow_2021,63,1,1,1,63.1,63.1.1.1,Augmenting Medical Diagnosis Decisions? An Investigation into Physiciansâ€™ Decision-Making Process with Artificial Intelligence,"Jussupow, Ekaterina; Spohrer, Kai; Heinzl, Armin; Gawlitza, Joshua",2021,Healthcare,Information Systems Research,Within-Subjects,Dependent Samples,Diagnose chronic obstructive pulmonary disease (COPD),Image,Image,No,No,Yes,No,No,No,Binary,Binary,Decide,Deep,Image,Binary,Deep,Human,No,Novices,Yes,No,Numeric,Accuracy,Accuracy,Up,68,68,60,Physicians,Specialists (Non-Expert),Not Specified,No,No,0.75,0.5,0.758,0.75,0.5,0.758,Human,0.75,0.5,1,0.433,0.0,0.428,0.433,0.0,No,HAI = Random,,0.018465091447046136,0.031000755796289598,0.018464368302546604,0.03291145971827404,,,,
Jussupow_2021,63,1,2,1,63.1,63.1.2.1,Augmenting Medical Diagnosis Decisions? An Investigation into Physiciansâ€™ Decision-Making Process with Artificial Intelligence,"Jussupow, Ekaterina; Spohrer, Kai; Heinzl, Armin; Gawlitza, Joshua",2021,Healthcare,Information Systems Research,Within-Subjects,Dependent Samples,Diagnose chronic obstructive pulmonary disease (COPD),Image,Image,No,No,Yes,No,No,No,Binary,Binary,Decide,Deep,Image,Binary,Deep,Human,No,Experts,Yes,No,Numeric,Accuracy,Accuracy,Up,12,12,11,Physicians,Specialists (Expert),Not Specified,Yes,No,0.8333,0.5,0.773,0.8333,0.5,0.773,Human,0.8333,0.5,0,0.3727,0.0,0.419,0.3727,0.0,No,HAI = Omniscient,,-0.14698256914729932,0.16231053444060725,-0.14629576776378359,0.1687215792953507,,,,
Zhao_2022,64,1,1,1,64.1,64.1.1.1,Deep Learning Assisted Diagnosis of Musculoskeletal Tumors Based on Contrast-Enhanced Magnetic Resonance Imaging,"Zhao, Keyang; Zhang, Mingzi; Xie, Zhaozhi; Yan, Xu; Wu, Shenghui; Liao, Peng; Lu, Hongtao; Shen, Wei; Fu, Chicheng; Cui, Haoyang; Fang, Qu; Mei, Jiong",2022,Healthcare,Journal of Magnetic Resonance Imaging,Within-Subjects,Dependent Samples,Diagnose malignant musculoskeletal tumors,Image,Image,No,No,Yes,No,No,No,Binary,Binary,Decide,Deep,Image,Binary,Deep,Human,No,Calculate from data in chart; AI = average of the three models shown,No,Yes,,Sensitivity,Accuracy,Up,7,7,7,Physicians,Specialists (Expert),Invitation,Yes,No,0.7343,0.6167,0.9229,0.7343,0.6167,0.9229,Human,0.7343,0.6167,1,0.181,0.0,0.0789,0.181002499,0.0,No,HAI = Update,,1.2645935349436945,0.30045988846748706,1.2646082068062234,0.30046104997046363,,,,
Zhao_2022,64,1,1,2,64.1,64.1.1.2,Deep Learning Assisted Diagnosis of Musculoskeletal Tumors Based on Contrast-Enhanced Magnetic Resonance Imaging,"Zhao, Keyang; Zhang, Mingzi; Xie, Zhaozhi; Yan, Xu; Wu, Shenghui; Liao, Peng; Lu, Hongtao; Shen, Wei; Fu, Chicheng; Cui, Haoyang; Fang, Qu; Mei, Jiong",2022,Healthcare,Journal of Magnetic Resonance Imaging,Within-Subjects,Dependent Samples,Diagnose malignant musculoskeletal tumors,Image,Image,No,No,Yes,No,No,No,Binary,Binary,Decide,Deep,Image,Binary,Deep,Human,No,Calculate from data in chart; AI = average of the three models shown,No,Yes,,Specificity,Accuracy,Up,7,7,7,Physicians,Specialists (Expert),Invitation,Yes,No,0.6143,0.8,0.5714,0.6143,0.8,0.5714,AI,0.8,0.6143,0,0.1376,0.0,0.1254,0.0,0.1376,No,HAI = Learned,,,,-0.30508411514064154,0.25331752813675196,,,-0.30508411514064154,0.25331752813675196
Zhao_2022,64,1,1,3,64.1,64.1.1.3,Deep Learning Assisted Diagnosis of Musculoskeletal Tumors Based on Contrast-Enhanced Magnetic Resonance Imaging,"Zhao, Keyang; Zhang, Mingzi; Xie, Zhaozhi; Yan, Xu; Wu, Shenghui; Liao, Peng; Lu, Hongtao; Shen, Wei; Fu, Chicheng; Cui, Haoyang; Fang, Qu; Mei, Jiong",2022,Healthcare,Journal of Magnetic Resonance Imaging,Within-Subjects,Dependent Samples,Diagnose malignant musculoskeletal tumors,Image,Image,No,No,Yes,No,No,No,Binary,Binary,Decide,Deep,Image,Binary,Deep,Human,No,Calculate from data in chart; AI = average of the three models shown,No,Yes,,Accuracy,Accuracy,Up,7,7,7,Physicians,Specialists (Expert),Invitation,Yes,No,0.6971,0.68,0.8086,0.6971,0.68,0.8086,Human,0.6971,0.68,1,0.1183,0.0,0.0615,0.118281343,0.0,No,HAI = Random,,1.1073060168643771,0.28878259598087574,1.1071685414503867,0.2887730669806538,,,,
Zhu_2022,65,1,1,1,65.1,65.1.1.1,Two-step artificial intelligence system for endoscopic gastric biopsy improves the diagnostic accuracy of pathologists,"Zhu, Yan; Yuan, Wei; Xie, Chun-Mei; Xu, Wei; Wang, Jia-Ping; Feng, Li; Wu, Hui-Li; Lu, Pin-Xiang; Geng, Zi-Han; Lv, Chuan-Feng; Li, Quan-Lin; Hou, Ying-Yong; Chen, Wei-Feng; Zhou, Ping-Hong",2022,Healthcare,Frontiers in Oncology,Within-Subjects,Dependent Samples,Diagnose gastric cancer,Image,Image,No,No,Yes,No,No,No,Categoric,Categoric,Decide,Deep,Image,Categorical,Deep,Human,No,Focused on diagnoses across all categories (Fig 4),Yes,No,Image,Accuracy,Accuracy,Up,8,8,8,Pathologists,Specialists (Expert),Not Specified,Yes,No,0.6649,0.8695,0.7383,0.6649,0.8695,0.7383,AI,0.8695,0.6649,0,0.0773,0.0,0.0573,0.0,0.0773,Yes,HAI = Omniscient,,,,1.0199514979894486,0.2525307237759348,,,1.0199514979894486,0.2525307237759348
Zhu_2022,65,1,1,2,65.1,65.1.1.2,Two-step artificial intelligence system for endoscopic gastric biopsy improves the diagnostic accuracy of pathologists,"Zhu, Yan; Yuan, Wei; Xie, Chun-Mei; Xu, Wei; Wang, Jia-Ping; Feng, Li; Wu, Hui-Li; Lu, Pin-Xiang; Geng, Zi-Han; Lv, Chuan-Feng; Li, Quan-Lin; Hou, Ying-Yong; Chen, Wei-Feng; Zhou, Ping-Hong",2022,Healthcare,Frontiers in Oncology,Within-Subjects,Dependent Samples,Diagnose gastric cancer,Image,Image,No,No,Yes,No,No,No,Categoric,Categoric,Decide,Deep,Image,Categorical,Deep,Human,No,Focused on diagnoses across all categories (Fig 4),Yes,No,Image,Time (Minutes),Time,Up,8,8,8,Pathologists,Specialists (Expert),Not Specified,Yes,No,461.44,221.0,305.71,-461.44,-221.0,-305.71,AI,-221.0,-461.44,0,117.96,0.0,82.43,0.0,117.96,Yes,HAI = Update,,,,1.446923522922542,0.2819531104331458,,,1.446923522922542,0.2819531104331458
Hemmer_2022,68,1,1,1,68.1,68.1.1.1,On the effect of information asymmetry in human-AI teams,"Hemmer, Patrick; Schemmer, Max; KÃ¼hl, Niklas; VÃ¶ssing, Michael; Satzger, Gerhard",2022,Healthcare,"CHI Conference on Human Factors in Computing Systems (CHI â€™22), Workshop on
Human-Centered Explainable AI (HCXAI)",Between-Subjects,Independent Samples,Classify blood vessels,"Categoric, Numeric",Multiple,Yes,No,No,Yes,No,No,Numeric,Numeric,Decide,Shallow,"Categoric, Numeric",Continuous,Shallow,Human,No,No UHCI,No,Yes,,MAE,Error,Down,154,53,53,Crowdworkers,Crowdworkers,Prolific,No,Yes,251282.0,163080.0,160095.0,-251282.0,-163080.0,-160095.0,AI,-163080.0,-251282.0,1,61968.0,0.0,18562.0,0.0,61968.0,No,"Concurrent, AI, HAI = B, Noise = 110",,,,1.9791151463042098,0.05540201425912976,,,1.9791151463042098,0.05540201425912976
Winkel_2021,77,1,1,1,77.1,77.1.1.1,Impact of artificial intelligence support on accuracy and reading time in breast tomosynthesis image interpretation: a multi-reader multi-case study,"Winkel, Suzanne L. van; RodrÃ­guez-Ruiz, Alejandro; Appelman, Linda; Gubern-MÃ©rida, Albert; Karssemeijer, Nico; Teuwen, Jonas; Wanders, Alexander J. T.; Sechopoulos, Ioannis; Mann, Ritse M.",2021,Healthcare,European Radiology,Within-Subjects,Dependent Samples,Screen mammography images,Image,Image,No,No,Yes,No,No,No,Binary,Binary,Decide,Deep,Image,"Image, Numeric",Deep,Human,No,All radiologists,Yes,Yes,Image,AUC,Other,Up,18,18,18,Radiologists,Specialists (Expert),Hospital,Yes,No,0.83,0.84,0.86,0.83,0.84,0.86,AI,0.84,0.83,1,0.04,0.0,0.03,0.0,0.04,No,https://osf.io/bjgu9/,,,,0.8296719565922165,0.11536801341258955,,,0.8296719565922165,0.11536801341258955
Sun_2021,78,1,1,1,78.1,78.1.1.1,Deep learning model improves radiologistsâ€™ performance in detection and classification of breast lesions,"Sun, Yingshi; Qu, Yuhong; Wang, Dong; Li, Yi; Lin, Ye; Du, Jing; Xu, Bin; Li, Baojian; Li, Xiao-Ting; Zhang, Kexin; Shi, Yanjie; Sun, Rui-Jia; Wang, Yichuan; Long, Rong; Chen, De-Yue; Li, Haijin; Wang, Liwei; Cao, Min; Yin, Yanxin; Xing, L.; Zhang, Jie; Cheng, Ming; Liang, Jie; Yang, Guijuan; Zhu, Juan",2021,Healthcare,Chinese Journal of Cancer Research,Within-Subjects,Dependent Samples,Screen mammography images,Image,Image,No,No,Yes,No,No,No,Binary,Binary,Decide,Deep,Image,"Binary, Image",Deep,Human,No,All radiologists,Yes,No,Image,AUC,Other,Up,12,12,12,Radiologists,Specialists (Expert),Hospital,Yes,No,0.81,0.84,0.85,0.81,0.84,0.85,AI,0.84,0.81,1,0.04,0.0,0.03,0.0,0.04,No,"Include all trials, all participants",,,,1.0923580619709403,0.17854501016333435,,,1.0923580619709403,0.17854501016333435
Sun_2021,78,1,1,2,78.1,78.1.1.2,Deep learning model improves radiologistsâ€™ performance in detection and classification of breast lesions,"Sun, Yingshi; Qu, Yuhong; Wang, Dong; Li, Yi; Lin, Ye; Du, Jing; Xu, Bin; Li, Baojian; Li, Xiao-Ting; Zhang, Kexin; Shi, Yanjie; Sun, Rui-Jia; Wang, Yichuan; Long, Rong; Chen, De-Yue; Li, Haijin; Wang, Liwei; Cao, Min; Yin, Yanxin; Xing, L.; Zhang, Jie; Cheng, Ming; Liang, Jie; Yang, Guijuan; Zhu, Juan",2021,Healthcare,Chinese Journal of Cancer Research,Within-Subjects,Dependent Samples,Screen mammography images,Image,Image,No,No,Yes,No,No,No,Binary,Binary,Decide,Deep,Image,"Binary, Image",Deep,Human,No,All radiologists,Yes,No,Image,Sensitivity,Accuracy,Up,12,12,12,Radiologists,Specialists (Expert),Hospital,Yes,No,0.69,0.81,0.69,0.69,0.81,0.69,AI,0.81,0.69,0,0.16,0.0,0.19,0.0,0.16,No,"Include all trials, all participants",,,,0.0,0.1553705905667856,,,0.0,0.1553705905667856
Sun_2021,78,1,1,3,78.1,78.1.1.3,Deep learning model improves radiologistsâ€™ performance in detection and classification of breast lesions,"Sun, Yingshi; Qu, Yuhong; Wang, Dong; Li, Yi; Lin, Ye; Du, Jing; Xu, Bin; Li, Baojian; Li, Xiao-Ting; Zhang, Kexin; Shi, Yanjie; Sun, Rui-Jia; Wang, Yichuan; Long, Rong; Chen, De-Yue; Li, Haijin; Wang, Liwei; Cao, Min; Yin, Yanxin; Xing, L.; Zhang, Jie; Cheng, Ming; Liang, Jie; Yang, Guijuan; Zhu, Juan",2021,Healthcare,Chinese Journal of Cancer Research,Within-Subjects,Dependent Samples,Screen mammography images,Image,Image,No,No,Yes,No,No,No,Binary,Binary,Decide,Deep,Image,"Binary, Image",Deep,Human,No,All radiologists,Yes,No,Image,Specificity,Accuracy,Up,12,12,12,Radiologists,Specialists (Expert),Hospital,Yes,No,0.82,0.79,0.88,0.82,0.79,0.88,Human,0.82,0.79,1,0.05,0.0,0.07,0.05,0.0,No,"Include all trials, all participants",,0.9523803402517258,0.1729862811384866,0.9523803402517258,0.1729862811384866,,,,
Liang_2022,79,1,1,1,79.1,79.1.1.1,Adapting to the algorithm: how accuracy comparisons promote the use of a decision aid,"Liang, Garston; Sloane, Jennifer F.; Donkin, Chris; Newell, Ben R.",2022,Healthcare,Cognitive Research: Principles and Implications,Within-Subjects,Dependent Samples,Categorize mammography images,Image,Image,No,No,Yes,No,No,No,Binary,Binary,Decide,Wizard of Oz,Image,"Binary, Image",Wizard of Oz,Human,No,Experiment 1a,No,No,,Accuracy,Accuracy,Up,55,55,55,Students,Students,University,No,No,0.68,0.7,0.76,0.68,0.7,0.76,AI,0.7,0.68,1,0.47,0.0,0.43,0.0,0.47,No,,,,,0.1763662425027222,0.035998601031163056,,,0.1763662425027222,0.035998601031163056
Liang_2022,79,2,1,1,79.2,79.2.1.1,Adapting to the algorithm: how accuracy comparisons promote the use of a decision aid,"Liang, Garston; Sloane, Jennifer F.; Donkin, Chris; Newell, Ben R.",2022,Healthcare,Cognitive Research: Principles and Implications,Within-Subjects,Dependent Samples,Perform dot motion judgement,Image,Image,No,No,Yes,No,No,No,Binary,Binary,Decide,Wizard of Oz,Image,"Binary, Image",Wizard of Oz,Human,No,Experiment 1b,No,No,,Accuracy,Accuracy,Up,32,32,32,Students,Students,University,No,No,0.74,0.7,0.77,0.74,0.7,0.77,Human,0.74,0.7,1,0.44,0.0,0.42,0.44,0.0,No,,,0.06890143446192372,0.06102719497111791,0.06890143446192372,0.06102719497111791,,,,
Calisto_2022,80,1,1,1,80.1,80.1.1.1,BreastScreening-AI: Evaluating medical intelligent agents for human-AI interactions,"Calisto, Francisco Maria; Santiago, Carlos; Nunes, Nuno; Nascimento, Jacinto C.",2022,Healthcare,Artificial Intelligence in Medicine,Within-Subjects,Dependent Samples,Diagnose breast images,Image,Image,No,No,Yes,No,No,No,Binary,Binary,Decide,Deep,Image,"Image, Numeric",Deep,Human,No,All physicians,Yes,Yes,"Image, Numeric",Precision,Accuracy,Up,45,45,45,Physicians,Physicians,Hospital,Yes,No,0.31,0.81,0.66,0.31,0.81,0.66,AI,0.81,0.31,0,0.39,0.0,0.34,0.0,0.39,No,,,,,0.9484861291661794,0.048600809494744754,,,0.9484861291661794,0.048600809494744754
Calisto_2022,80,1,1,2,80.1,80.1.1.2,BreastScreening-AI: Evaluating medical intelligent agents for human-AI interactions,"Calisto, Francisco Maria; Santiago, Carlos; Nunes, Nuno; Nascimento, Jacinto C.",2022,Healthcare,Artificial Intelligence in Medicine,Within-Subjects,Dependent Samples,Diagnose breast images,Image,Image,No,No,Yes,No,No,No,Binary,Binary,Decide,Deep,Image,"Image, Numeric",Deep,Human,No,All physicians,Yes,Yes,"Image, Numeric",Recall,Accuracy,Up,45,45,45,Physicians,Physicians,Hospital,Yes,No,0.67,0.71,0.62,0.67,0.71,0.62,AI,0.71,0.67,0,0.16,0.0,0.27,0.0,0.16,No,,,,,-0.2233772882516353,0.0439604465824433,,,-0.2233772882516353,0.0439604465824433
Shin_2021,39,1,1,1,39.1,39.1.1.1,AI-assistance for predictive maintenance of renewable energy systems,"Shin, W; Han, J; Rhee, W",2021,Healthcare,Energy,Within-Subjects,Dependent Samples,Classify endoscopic images,Image,Image,No,No,Yes,No,No,No,Binary,Binary,Decide,Deep,Image,Binary,Deep,Human,No,,No,Yes,,Specificity,Accuracy,Up,34,34,34,Engineers (generalist),Specialists (Non-Expert),Not Specified,Yes,No,0.65,0.8871,0.81,0.65,0.8871,0.81,AI,0.8871,0.65,0,0.24,0.0,0.16,0.0,0.24,No,HAI = AI + explanation,,,,0.7755162758316024,0.061811135577544196,,,0.7755162758316024,0.061811135577544196
Shin_2021,39,1,1,2,39.1,39.1.1.2,AI-assistance for predictive maintenance of renewable energy systems,"Shin, W; Han, J; Rhee, W",2021,Healthcare,Energy,Within-Subjects,Dependent Samples,Classify endoscopic images,Image,Image,No,No,Yes,No,No,No,Binary,Binary,Decide,Deep,Image,Binary,Deep,Human,No,,No,Yes,,Sensitivity,Accuracy,Up,34,34,34,Engineers (generalist),Specialists (Non-Expert),Not Specified,Yes,No,0.93,0.9122,0.95,0.93,0.9122,0.95,Human,0.93,0.9122,1,0.13,0.0,0.89,0.13,0.0,No,HAI = SXAI,,0.03108768138067291,0.05749614665124477,0.03108768138067291,0.05749614665124477,,,,
Shin_2021,39,2,1,1,39.2,39.2.1.1,AI-assistance for predictive maintenance of renewable energy systems,"Shin, W; Han, J; Rhee, W",2021,Healthcare,Energy,Within-Subjects,Dependent Samples,Classify endoscopic images,Image,Image,No,No,Yes,No,No,No,Binary,Binary,Decide,Deep,Image,Binary,Deep,Human,No,,No,Yes,,Specificity,Accuracy,Up,19,19,19,Engineers (specialist),Specialists (Expert),Not Specified,Yes,No,0.85,0.8871,0.89,0.85,0.8871,0.89,AI,0.8871,0.85,1,0.13,0.0,0.12,0.0,0.13,No,HAI = CFF,,,,0.31303638427088254,0.1021286839701316,,,0.31303638427088254,0.1021286839701316
Shin_2021,39,2,1,2,39.2,39.2.1.2,AI-assistance for predictive maintenance of renewable energy systems,"Shin, W; Han, J; Rhee, W",2021,Healthcare,Energy,Within-Subjects,Dependent Samples,Classify endoscopic images,Image,Image,No,No,Yes,No,No,No,Binary,Binary,Decide,Deep,Image,Binary,Deep,Human,No,,No,Yes,,Sensitivity,Accuracy,Up,19,19,19,Engineers (specialist),Specialists (Expert),Not Specified,Yes,No,0.93,0.9122,0.96,0.93,0.9122,0.96,Human,0.93,0.9122,1,0.11,0.0,0.67,0.11,0.0,No,HAI = Pred + no exp,,0.06117553668790878,0.1009400485078832,0.06117553668790878,0.1009400485078832,,,,
